,NU_INSCRICAO,NU_ANO,CO_MUNICIPIO_RESIDENCIA,NO_MUNICIPIO_RESIDENCIA,CO_UF_RESIDENCIA,SG_UF_RESIDENCIA,NU_IDADE,TP_SEXO,TP_ESTADO_CIVIL,TP_COR_RACA,TP_NACIONALIDADE,CO_MUNICIPIO_NASCIMENTO,NO_MUNICIPIO_NASCIMENTO,CO_UF_NASCIMENTO,SG_UF_NASCIMENTO,TP_ST_CONCLUSAO,TP_ANO_CONCLUIU,TP_ESCOLA,TP_ENSINO,IN_TREINEIRO,CO_ESCOLA,CO_MUNICIPIO_ESC,NO_MUNICIPIO_ESC,CO_UF_ESC,SG_UF_ESC,TP_DEPENDENCIA_ADM_ESC,TP_LOCALIZACAO_ESC,TP_SIT_FUNC_ESC,IN_BAIXA_VISAO,IN_CEGUEIRA,IN_SURDEZ,IN_DEFICIENCIA_AUDITIVA,IN_SURDO_CEGUEIRA,IN_DEFICIENCIA_FISICA,IN_DEFICIENCIA_MENTAL,IN_DEFICIT_ATENCAO,IN_DISLEXIA,IN_DISCALCULIA,IN_AUTISMO,IN_VISAO_MONOCULAR,IN_OUTRA_DEF,IN_SABATISTA,IN_GESTANTE,IN_LACTANTE,IN_IDOSO,IN_ESTUDA_CLASSE_HOSPITALAR,IN_SEM_RECURSO,IN_BRAILLE,IN_AMPLIADA_24,IN_AMPLIADA_18,IN_LEDOR,IN_ACESSO,IN_TRANSCRICAO,IN_LIBRAS,IN_LEITURA_LABIAL,IN_MESA_CADEIRA_RODAS,IN_MESA_CADEIRA_SEPARADA,IN_APOIO_PERNA,IN_GUIA_INTERPRETE,IN_MACA,IN_COMPUTADOR,IN_CADEIRA_ESPECIAL,IN_CADEIRA_CANHOTO,IN_CADEIRA_ACOLCHOADA,IN_PROVA_DEITADO,IN_MOBILIARIO_OBESO,IN_LAMINA_OVERLAY,IN_PROTETOR_AURICULAR,IN_MEDIDOR_GLICOSE,IN_MAQUINA_BRAILE,IN_SOROBAN,IN_MARCA_PASSO,IN_SONDA,IN_MEDICAMENTOS,IN_SALA_INDIVIDUAL,IN_SALA_ESPECIAL,IN_SALA_ACOMPANHANTE,IN_MOBILIARIO_ESPECIFICO,IN_MATERIAL_ESPECIFICO,IN_NOME_SOCIAL,IN_CERTIFICADO,NO_ENTIDADE_CERTIFICACAO,CO_UF_ENTIDADE_CERTIFICACAO,SG_UF_ENTIDADE_CERTIFICACAO,CO_MUNICIPIO_PROVA,NO_MUNICIPIO_PROVA,CO_UF_PROVA,SG_UF_PROVA,TP_PRESENCA_CN,TP_PRESENCA_CH,TP_PRESENCA_LC,TP_PRESENCA_MT,CO_PROVA_CN,CO_PROVA_CH,CO_PROVA_LC,CO_PROVA_MT,NU_NOTA_CN,NU_NOTA_CH,NU_NOTA_LC,NU_NOTA_MT,TX_RESPOSTAS_CN,TX_RESPOSTAS_CH,TX_RESPOSTAS_LC,TX_RESPOSTAS_MT,TP_LINGUA,TX_GABARITO_CN,TX_GABARITO_CH,TX_GABARITO_LC,TX_GABARITO_MT,TP_STATUS_REDACAO,NU_NOTA_COMP1,NU_NOTA_COMP2,NU_NOTA_COMP3,NU_NOTA_COMP4,NU_NOTA_COMP5,NU_NOTA_REDACAO,Q001,Q002,Q003,Q004,Q005,Q006,Q007,Q008,Q009,Q010,Q011,Q012,Q013,Q014,Q015,Q016,Q017,Q018,Q019,Q020,Q021,Q022,Q023,Q024,Q025,Q026,Q027,Q028,Q029,Q030,Q031,Q032,Q033,Q034,Q035,Q036,Q037,Q038,Q039,Q040,Q041,Q042,Q043,Q044,Q045,Q046,Q047,Q048,Q049,Q050
1,ed50e8aaa58e7a806c337585efee9ca41f1eb1ad,2016,4314902,Porto Alegre,43,RS,24,M,0,1,1,4314902,Porto Alegre,43,RS,1,4,1,,0,,,,,,,,,0,0,0,0,0,0,0,0,0,0,0,0,0,0,0,0,0,0,0,0,0,0,0,0,0,0,0,0,0,0,0,0,0,0,0,0,0,0,0,0,0,0,0,0,0,0,0,0,0,0,0,0,0,,,,4314902,Porto Alegre,43,RS,1,1,1,1,16f84b7b3d2aeaff7d2f01297e6b3d0e25c77bb2,9cd70f1b922e02bd33453b3f607f5a644fb9b1b8,01af53cd161a420fff1767129c10de560cc264dd,97caab1e1533dba217deb7ef41490f52e459ab01,436.3,495.4,581.2,399.4,ABACCABDBEDEDEEDDDBBBDAABABECDCCCAAABCBEEABCA,BBEBCAEBCEDBDDEBCACDBCBDABDDCDBEDCEAEABCAADAC,99999DCABCABCBBCADBCBBABAEADBEEBEDAAABAEAECCBBBEAC,AECCCBABDCADDBCBCCADADBBAADEBCEEBABCDDEAABCAA,1,BCADBCEDCCBADBDCADBEBDBEADCCAEACDBEDBCACAEBEE,BCBCCADCCBEDDBEEADBDCECCBBECAEEDDADCDDACAADBA,CEDEACCBEBDBABECABDADEADCEDCBEBBCEBAAEBAAECBBCBDAB,DADCCECBDECADCBACDBCEEABDDAABDBCEADDBECEBAEBC,1,120,120,120,80,80,520,D,D,B,B,3,C,A,B,B,B,A,B,A,A,A,A,A,A,B,A,A,C,A,A,A,C,H,E,5,5,1,0,0,5,5,0,5,5,5,5,5,A,A,A,A,A,A,A,B,D
2,2c3acac4b33ec2b195d77e7c04a2d75727fad723,2016,2304707,Granja,23,CE,17,F,0,3,1,2304707,Granja,23,CE,2,0,2,1,0,23005157,2304707,Granja,23,CE,2,1,1,0,0,0,0,0,0,0,0,0,0,0,0,0,0,0,0,0,0,0,0,0,0,0,0,0,0,0,0,0,0,0,0,0,0,0,0,0,0,0,0,0,0,0,0,0,0,0,0,0,0,0,0,0,,,,2304707,Granja,23,CE,1,1,1,1,b9b06ce8c319a3df2158ea3d0aef0f7d3eecaed7,909237ab0d84688e10c0470e2997348aff585273,01af53cd161a420fff1767129c10de560cc264dd,97caab1e1533dba217deb7ef41490f52e459ab01,474.5,544.1,599,459.8,EDAAABDABADBCCAEDCDDECABADBEECBBAEEDCABCAABBC,ADCAABAADCEDAACDACEEDACBDCBACEDEDBACAADADABDC,99999ACBACDBDBCEADDAEEADCCEACEEDBECAAAACBECDACECAE,AEDACBDECEDAEEAEDDEBDECDCECACADCACACAABDACEAB,1,EBEECADBCABECDDBEADCCABDEABEBCADBADDCCCEDBBCA,DCECBAAADCBBECAEDCEDDACCBDDACEDDBADBCADBCBCEE,CEDEACCBEBDBABECABDADEADCEDCBEBBCEBAAEBAAECBBCBDAB,DADCCECBDECADCBACDBCEEABDDAABDBCEADDBECEBAEBC,1,140,120,120,120,80,580,A,A,A,A,5,B,A,B,B,A,A,B,A,A,A,A,A,A,B,A,A,A,A,A,A,A,,,,,,,,5,5,1,1,1,1,1,,A,A,C,A,B,A,A,C,A
3,f4545f8ccb9ff5c8aad7d32951b3f251a26e6568,2016,2304400,Fortaleza,23,CE,21,F,0,3,1,2304400,Fortaleza,23,CE,3,0,1,,0,,,,,,,,,0,0,0,0,0,0,0,0,0,0,0,0,0,0,0,0,0,0,0,0,0,0,0,0,0,0,0,0,0,0,0,0,0,0,0,0,0,0,0,0,0,0,0,0,0,0,0,0,0,0,0,0,0,,,,2304400,Fortaleza,23,CE,0,0,0,0,2d22ac1d42e6187f09ee6c578df187a760123ccf,2d22ac1d42e6187f09ee6c578df187a760123ccf,2d22ac1d42e6187f09ee6c578df187a760123ccf,2d22ac1d42e6187f09ee6c578df187a760123ccf,,,,,,,,,1,,,,,,,,,,,,D,D,B,B,4,C,A,B,C,A,A,B,A,A,A,A,A,A,B,A,A,B,A,A,A,A,,,,,,,,5,5,5,5,5,5,5,,A,A,A,A,C,A,A,B,A
4,3d6ec248fef899c414e77f82d5c6d2bffbeaf7fe,2016,3304557,Rio de Janeiro,33,RJ,25,F,0,0,1,3304557,Rio de Janeiro,33,RJ,1,9,1,,0,,,,,,,,,0,0,0,0,0,0,0,0,0,0,0,0,0,0,0,0,0,0,0,0,0,0,0,0,0,0,0,0,0,0,0,0,0,0,0,0,0,0,0,0,0,0,0,0,0,0,0,0,0,0,0,0,0,,,,3304557,Rio de Janeiro,33,RJ,0,0,0,0,2d22ac1d42e6187f09ee6c578df187a760123ccf,2d22ac1d42e6187f09ee6c578df187a760123ccf,2d22ac1d42e6187f09ee6c578df187a760123ccf,2d22ac1d42e6187f09ee6c578df187a760123ccf,,,,,,,,,0,,,,,,,,,,,,H,E,D,B,4,E,A,C,C,C,A,B,B,B,A,B,A,B,C,A,B,D,B,C,B,C,F,C,2,0,5,5,5,5,5,5,5,2,5,5,5,C,A,A,A,A,D,A,A,A
5,bf896ac8d3ecadd6dba1dfbf50110afcbf5d3268,2016,1302603,Manaus,13,AM,28,M,0,2,1,1505304,Oriximiná,15,PA,1,4,1,,0,,,,,,,,,0,0,0,0,0,0,0,0,0,0,0,0,0,0,0,0,0,0,0,0,0,0,0,0,0,0,0,0,0,0,0,0,0,0,0,0,0,0,0,0,0,0,0,0,0,0,0,0,0,0,0,0,0,,,,1302603,Manaus,13,AM,0,0,0,0,2d22ac1d42e6187f09ee6c578df187a760123ccf,2d22ac1d42e6187f09ee6c578df187a760123ccf,2d22ac1d42e6187f09ee6c578df187a760123ccf,2d22ac1d42e6187f09ee6c578df187a760123ccf,,,,,,,,,1,,,,,,,,,,,,E,D,C,C,4,C,A,B,C,A,A,B,A,B,A,A,A,A,B,A,A,B,A,A,A,B,F,D,5,4,3,5,4,5,5,4,3,1,4,5,,A,A,A,A,A,A,A,A,A
6,a37c99ec251d4f6e8ddbeabadf1c87fdbfddc4d1,2016,2902005,Aracatu,29,BA,18,F,0,1,1,2933307,Vitória da Conquista,29,BA,1,1,1,,0,,,,,,,,,0,0,0,0,0,0,0,0,0,0,0,0,0,0,0,0,0,0,0,0,0,0,0,0,0,0,0,0,0,0,0,0,0,0,0,0,0,0,0,0,0,0,0,0,0,0,0,0,0,0,0,0,0,,,,2904605,Brumado,29,BA,1,1,1,1,c8328ebc6f3238e06076c481bc1b82b8301e7a3f,f48d390ab6a2428e659c37fb8a9d00afde621889,01abbb7f1a90505385f44eec9905f82ca2a42cfd,81d0ee00ef42a7c23eb04496458c03d4c5b9c31a,439.7,583.2,410.9,364.5,AEABBBABBDBCDDCBCABDEBCDCBEDCACACDEBAECCDEDCD,EBECEBBDECCDACCCACBDBECBBAECDAAACAABCBEAAACEE,ABBDD99999EBEEBCAECAEADEACBCDEEBCABBACDEABAECADEAB,DCCEDACCCDCEBDABDBCCCDEBECBDACEDCCDBABAADCBCC,0,DBDCCACADBADBCABDEBEECECDDBCADCCBEBBEDBEAEACA,EEBCBCEDDBDDACCCBCADADBAADEDDADCECAECBBBADCEC,EDECACCBBEDEBBBDABCBBCCEBADCEBAAEAAEDCBCABDBABEADE,CEECDBDADEBCCEBABECEACBDABDBDDABDDECADCCEACBA,1,120,120,120,160,100,620,E,E,D,F,5,C,A,C,D,B,B,B,B,A,A,B,A,A,B,B,B,E,A,B,B,A,,,,,,,,4,5,5,5,5,5,5,,A,A,A,A,A,A,A,A,A
7,63b4e128e9ffe8ab27f5d093db1976ef4f353e0a,2016,5102637,Campo Novo do Parecis,51,MT,18,F,0,3,1,2804508,Nossa Senhora da Glória,28,SE,2,0,2,1,0,51010224,5102637,Campo Novo do Parecis,51,MT,2,1,1,0,0,0,0,0,0,0,0,0,0,0,0,0,0,0,0,0,0,0,0,0,0,0,0,0,0,0,0,0,0,0,0,0,0,0,0,0,0,0,0,0,0,0,0,0,0,0,0,0,0,0,0,0,,,,5102637,Campo Novo do Parecis,51,MT,1,1,1,1,66b1dad288e13be0992bae01e81f71eca1c6e8a6,942ab3dc020af4cf53740b6b07e9dd7060b24164,5aebe5cad7fabc1545ac7fba07a4e6177f98483c,767a32545304ed293242d528f54d4edb1369f910,420.1,604.2,484.5,529.2,AADABBDBDADEDABCDEDBDCCBBBBBACCACAABADCCBCCAA,EBDCEABCACEEDBAABECEAECEDAEAEEBCADDECAEBEDAAD,EDDAD99999CAAEDCEBCCDEBDDCBDDAABAAAEDDCADDEABAADAD,EACBBDCBAAABBDDADDBBBBCBBCBAAAAADDBAACBBAADAA,0,EADBDCCBADBEBCEBCABDEBEEBECADDBEACACDDBCADCCA,EDDBDDACDCEDDACBBBCBCDCECADBEEBAAADECAECCBCAD,EECDABBECCDAAECBBCBDABBAAEEBBDCBADEBABEADCECEBCABD,CCEEBCCEBAABDDECADCEECDBCBDBECBADDACEAABDBDAD,1,100,120,120,120,100,560,E,D,D,A,3,C,A,C,D,C,A,B,A,B,A,B,A,B,A,A,A,D,A,B,B,C,E,B,2,0,2,4,2,5,5,2,5,2,0,2,0,A,A,A,B,B,A,A,A,A
8,2eb189d4912f64b19d1967e8e84b6141aba18770,2016,4301602,Bagé,43,RS,18,F,0,1,1,3550308,São Paulo,35,SP,1,1,1,,0,,,,,,,,,0,0,0,0,0,0,0,0,0,0,0,0,0,0,0,0,0,0,0,0,0,0,0,0,0,0,0,0,0,0,0,0,0,0,0,0,0,0,0,0,0,0,0,0,0,0,0,0,0,0,0,0,0,,,,3550308,São Paulo,35,SP,1,1,1,1,b9b06ce8c319a3df2158ea3d0aef0f7d3eecaed7,909237ab0d84688e10c0470e2997348aff585273,72f80e4b3150c627c7ffc93cfe0fa13a9989b610,577f8968d95046f5eb5cc158608e12fa9ba34c85,619.6,625.8,611.2,566.7,EBEEBDAACCBAAADBECCCBABDDADCCAABEEADBACDBBBDA,DCEEBAAAEABBECAEECECDADBCDDACBDEAADBABDEADEEA,DECEA99999DADDBEBDAABEDCEBBDBBBDEBABEBECEBBADADBDB,DDBAECBCEEABDBAECBDECBECABECBBDDBCBDBBCCCDCAD,0,EBEECADBCABECDDBEADCCABDEABEBCADBADDCCCEDBBCA,DCECBAAADCBBECAEDCEDDACCBDDACEDDBADBCADBCBCEE,DECEACCEBBDADEBABEAAEDCBCABDCEBADCEBAAECBBCBDABEBB,CBAACCEABDDCDBDDCEAECADBECEBACBDABDBEBCDADCEE,1,140,120,120,120,120,620,G,F,D,D,4,L,A,C,D,B,A,B,B,B,A,B,A,B,C,B,B,D,B,B,B,A,,,,,,,,5,5,5,5,1,5,5,,C,A,A,A,A,D,A,A,A
9,5822cb43e0800429be2084b3f86a63aaa73fa66c,2016,2601904,Bezerros,26,PE,16,F,0,3,1,2601904,Bezerros,26,PE,2,0,2,1,0,26177013,2601904,Bezerros,26,PE,2,1,1,0,0,0,0,0,0,0,0,0,0,0,0,0,0,0,0,0,0,0,0,0,0,0,0,0,0,0,0,0,0,0,0,0,0,0,0,0,0,0,0,0,0,0,0,0,0,0,0,0,0,0,0,0,,,,2601904,Bezerros,26,PE,1,1,1,1,b9b06ce8c319a3df2158ea3d0aef0f7d3eecaed7,909237ab0d84688e10c0470e2997348aff585273,5aebe5cad7fabc1545ac7fba07a4e6177f98483c,767a32545304ed293242d528f54d4edb1369f910,500.5,555.2,521.8,372.4,EEEABADBCBDBBECBACBBDBDBCDDEEBBCBCDADABBADCBA,ACEAABBADCABEDAEEEEBBDCDEDEBCDBDDACBCDAADABEA,99999CEEDAAAAACDDEDDDBBDCAAEEADCAACDDBBAAECBECCABE,DABAADDEBCCDADCEBBCACECCDABDBDDBCBBDCADCEDCBE,1,EBEECADBCABECDDBEADCCABDEABEBCADBADDCCCEDBBCA,DCECBAAADCBBECAEDCEDDACCBDDACEDDBADBCADBCBCEE,EECDABBECCDAAECBBCBDABBAAEEBBDCBADEBABEADCECEBCABD,CCEEBCCEBAABDDECADCEECDBCBDBECBADDACEAABDBDAD,1,140,160,140,140,100,680,H,E,B,C,3,B,A,B,C,A,A,B,A,A,A,A,A,A,B,B,A,C,A,A,B,A,,,,,,,,4,4,2,4,1,0,5,,D,A,A,A,B,A,D,B,A
10,94f7e277f87cd58e10a45da4ad5dd168651cf3ef,2016,3152501,Pouso Alegre,31,MG,24,M,0,4,2,,,,,4,0,1,,0,,,,,,,,,0,0,0,0,0,0,0,0,0,0,0,0,0,0,0,0,0,0,0,0,0,0,0,0,0,0,0,0,0,0,0,0,0,0,0,0,0,0,0,0,0,0,0,0,0,0,0,0,0,0,0,0,1,INSTITUTO FEDERAL DE EDUCAÇÃO CIÊNCIA E TECNOLOGIA DO SUL DE MINAS GERAIS,31,MG,3152501,Pouso Alegre,31,MG,0,0,0,0,2d22ac1d42e6187f09ee6c578df187a760123ccf,2d22ac1d42e6187f09ee6c578df187a760123ccf,2d22ac1d42e6187f09ee6c578df187a760123ccf,2d22ac1d42e6187f09ee6c578df187a760123ccf,,,,,,,,,0,,,,,,,,,,,,H,E,F,A,5,G,A,C,D,B,A,B,A,B,A,B,A,B,C,A,B,E,B,B,B,B,H,D,5,3,3,5,4,5,4,3,5,5,4,4,,A,A,A,B,D,A,B,B,C
11,3c44449ad09dc6a72c77c3bd3b5fd06a6d3f66e8,2016,2603207,Caetés,26,PE,29,F,0,3,1,2603207,Caetés,26,PE,1,8,1,,0,,,,,,,,,0,0,0,0,0,0,0,0,0,0,0,0,0,0,0,0,0,0,0,0,0,0,0,0,0,0,0,0,0,0,0,0,0,0,0,0,0,0,0,0,0,0,0,0,0,0,0,0,0,0,0,0,0,,,,2603207,Caetés,26,PE,1,1,1,1,16f84b7b3d2aeaff7d2f01297e6b3d0e25c77bb2,9cd70f1b922e02bd33453b3f607f5a644fb9b1b8,5aebe5cad7fabc1545ac7fba07a4e6177f98483c,767a32545304ed293242d528f54d4edb1369f910,413.4,407.9,533.9,419.6,EBBACEBBCCCCDABACADAEBDDECBAEDDBCBAEEAAEDDEEB,ACEECDEBCDCBAEACCDBBAACEBABCABDEEDAEEABBACBAC,99999ACBBCEAEECBBCEDBCEBADBEBDBCADEECBAEEAABAEBDCB,ADEABCECBDCDBACDCBCDCCEEABCADDCECADBDACBDBECC,1,BCADBCEDCCBADBDCADBEBDBEADCCAEACDBEDBCACAEBEE,BCBCCADCCBEDDBEEADBDCECCBBECAEEDDADCDDACAADBA,EECDABBECCDAAECBBCBDABBAAEEBBDCBADEBABEADCECEBCABD,CCEEBCCEBAABDDECADCEECDBCBDBECBADDACEAABDBDAD,1,100,100,100,100,120,520,A,B,A,A,4,B,A,B,C,A,A,B,A,A,A,B,A,A,B,B,A,B,A,A,A,C,M,D,0,5,5,5,0,5,5,5,5,5,1,5,5,A,A,A,A,A,A,A,B,C
12,6f721ecb245bd74eaeda78b8d8135e8adeba6dc0,2016,2111300,São Luís,21,MA,17,F,0,3,1,5300108,Brasília,53,DF,2,0,2,1,0,21007446,2107506,Paço do Lumiar,21,MA,2,1,1,0,0,0,0,0,0,0,0,0,0,0,0,0,0,0,0,0,0,0,0,0,0,0,0,0,0,0,0,0,0,0,0,0,0,0,0,0,0,0,0,0,0,0,0,0,0,0,0,0,0,0,0,0,,,,2107506,Paço do Lumiar,21,MA,1,1,1,1,66b1dad288e13be0992bae01e81f71eca1c6e8a6,942ab3dc020af4cf53740b6b07e9dd7060b24164,01abbb7f1a90505385f44eec9905f82ca2a42cfd,81d0ee00ef42a7c23eb04496458c03d4c5b9c31a,503.4,509.6,490.1,369.9,DBEBDBAECDDABBDDBAABEBCBBEEDECDBACEEACBACDBEE,BCEEECBCCCBADCABEBCEA.DEEADBDCBBADDCAADCEDEBD,99999EDBDCADEBACCECEECECCCEEEBBADBBECBEBBADEBBCEAE,DCEDBEBAAABBDAECBDACBDEAECCDEECDBCCADBEACCAAE,1,EADBDCCBADBEBCEBCABDEBEEBECADDBEACACDDBCADCCA,EDDBDDACDCEDDACBBBCBCDCECADBEEBAAADECAECCBCAD,EDECACCBBEDEBBBDABCBBCCEBADCEBAAEAAEDCBCABDBABEADE,CEECDBDADEBCCEBABECEACBDABDBDDABDDECADCCEACBA,1,120,160,120,120,60,580,D,E,B,B,3,B,A,B,C,A,A,B,A,A,A,A,A,A,A,A,A,B,A,A,A,A,,,,,,,,4,5,1,5,4,5,5,,A,A,A,A,B,A,A,A,A
13,70b1dacb515d1aecead8a53cb465a70fda4b62b6,2016,4314902,Porto Alegre,43,RS,27,M,,3,1,4314902,Porto Alegre,43,RS,1,7,1,,0,,,,,,,,,0,0,0,0,0,0,0,0,0,0,0,0,0,0,0,0,0,0,0,0,0,0,0,0,0,0,0,0,0,0,0,0,0,0,0,0,0,0,0,0,0,0,0,0,0,0,0,0,0,0,0,0,0,,,,4314902,Porto Alegre,43,RS,1,1,1,1,c8328ebc6f3238e06076c481bc1b82b8301e7a3f,f48d390ab6a2428e659c37fb8a9d00afde621889,5aebe5cad7fabc1545ac7fba07a4e6177f98483c,767a32545304ed293242d528f54d4edb1369f910,402.6,556.9,599,464.2,CBADAEEAAEEEAB*BCAEEEABACCCDEBAADABEAEACCDCCB,EBECCBBDDCBBACECEAADABBDABEEDCACDAACAABAADACA,EECDA99999CAACCBBEECABAECEDBECAEAAEBBBACDADBECCABA,AEBABBDCDBEDCADBEDCADAAECEBAEBBBBACACCEBBBBAC,0,DBDCCACADBADBCABDEBEECECDDBCADCCBEBBEDBEAEACA,EEBCBCEDDBDDACCCBCADADBAADEDDADCECAECBBBADCEC,EECDABBECCDAAECBBCBDABBAAEEBBDCBADEBABEADCECEBCABD,CCEEBCCEBAABDDECADCEECDBCBDBECBADDACEAABDBDAD,1,120,80,40,120,0,360,B,E,B,B,4,B,A,B,B,B,A,B,A,B,A,B,A,A,A,A,A,C,A,C,A,B,C,C,1,0,5,4,0,4,0,5,5,0,1,5,,A,A,A,B,A,A,D,A,B
14,8570b9be0b2b629d00743d0de77cd95a84a46fbc,2016,2304400,Fortaleza,23,CE,19,F,0,3,1,2307650,Maracanaú,23,CE,1,2,1,,0,,,,,,,,,0,0,0,0,0,0,0,0,0,0,0,0,0,0,0,0,0,0,0,0,0,0,0,0,0,0,0,0,0,0,0,0,0,0,0,0,0,0,0,0,0,0,0,0,0,0,0,0,0,0,0,0,0,,,,2304400,Fortaleza,23,CE,0,0,0,0,2d22ac1d42e6187f09ee6c578df187a760123ccf,2d22ac1d42e6187f09ee6c578df187a760123ccf,2d22ac1d42e6187f09ee6c578df187a760123ccf,2d22ac1d42e6187f09ee6c578df187a760123ccf,,,,,,,,,0,,,,,,,,,,,,D,D,D,B,3,C,A,B,C,A,A,B,A,A,A,A,A,A,B,A,A,A,A,B,B,C,F,D,5,5,5,5,5,5,5,2,5,5,5,5,5,A,A,A,A,A,A,A,A,A
15,67a173ad63a2a3f77c8905b49e83084b7c1cd6b0,2016,2401859,Caiçara do Norte,24,RN,18,M,0,3,1,2411601,São Bento do Norte,24,RN,1,2,1,,0,,,,,,,,,0,0,0,0,0,0,0,0,0,0,0,0,0,0,0,0,0,0,0,0,0,0,0,0,0,0,0,0,0,0,0,0,0,0,0,0,0,0,0,0,0,0,0,0,0,0,0,0,0,0,0,0,0,,,,2405801,João Câmara,24,RN,1,1,1,1,b9b06ce8c319a3df2158ea3d0aef0f7d3eecaed7,909237ab0d84688e10c0470e2997348aff585273,5aebe5cad7fabc1545ac7fba07a4e6177f98483c,767a32545304ed293242d528f54d4edb1369f910,477.8,462.9,511.9,453.4,EDEACECACEDAECABEBDBCBCBDEABDDBBACBDCDEDAEECD,ACDCBAEBDBDBACCDCBDACAAEBBEDAEBBEADABDDAEABDB,EEDCA99999CACADBECCACEBEDADECEDAADDBEBBBECDDCCEBAA,DCEAAEBEECBDCEAABDCEBDCCCEADCABADABCBACADEABC,0,EBEECADBCABECDDBEADCCABDEABEBCADBADDCCCEDBBCA,DCECBAAADCBBECAEDCEDDACCBDDACEDDBADBCADBCBCEE,EECDABBECCDAAECBBCBDABBAAEEBBDCBADEBABEADCECEBCABD,CCEEBCCEBAABDDECADCEECDBCBDBECBADDACEAABDBDAD,1,100,60,60,80,60,360,B,A,A,B,3,A,A,B,C,A,A,B,A,A,A,A,A,A,B,A,A,C,A,A,A,A,,,,,,,,1,4,3,5,5,4,5,,A,A,A,A,A,A,A,A,A
16,4e17008781ab3d721804ffe992884f86c37dcb4c,2016,5002704,Campo Grande,50,MS,18,F,0,3,1,5002704,Campo Grande,50,MS,1,1,1,,0,,,,,,,,,0,0,0,0,0,0,0,0,0,0,0,0,0,0,0,0,0,0,0,0,0,0,0,0,0,0,0,0,0,0,0,0,0,0,0,0,0,0,0,0,0,0,0,0,0,0,0,0,0,0,0,0,0,,,,5002704,Campo Grande,50,MS,0,0,0,0,2d22ac1d42e6187f09ee6c578df187a760123ccf,2d22ac1d42e6187f09ee6c578df187a760123ccf,2d22ac1d42e6187f09ee6c578df187a760123ccf,2d22ac1d42e6187f09ee6c578df187a760123ccf,,,,,,,,,0,,,,,,,,,,,,D,D,B,B,6,C,A,B,C,A,A,A,A,B,A,A,A,A,A,A,A,B,A,A,A,C,D,B,5,0,5,5,5,5,5,4,5,5,5,5,5,A,A,A,A,A,A,A,A,A
17,6118b53a6c928609d5ec78f7b6ae463ee3f766e3,2016,4108403,Francisco Beltrão,41,PR,16,M,0,1,1,4104808,Cascavel,41,PR,3,0,1,,1,,,,,,,,,0,0,0,0,0,0,0,0,0,0,0,0,0,0,0,0,0,0,0,0,0,0,0,0,0,0,0,0,0,0,0,0,0,0,0,0,0,0,0,0,0,0,0,0,0,0,0,0,0,0,0,0,0,,,,4104808,Cascavel,41,PR,1,1,1,1,66b1dad288e13be0992bae01e81f71eca1c6e8a6,942ab3dc020af4cf53740b6b07e9dd7060b24164,72f80e4b3150c627c7ffc93cfe0fa13a9989b610,577f8968d95046f5eb5cc158608e12fa9ba34c85,561.8,640.8,596.5,480.4,ACADABEDACEABEDBEACDEBECDAAABDCACEDAEBCBADBCC,BDDABDADACEEDACBBCDCEADECADCEEAAAAAECAECADABD,DEAEA99999CABBBEBDABDADBCEBBDEDABACBCACCEBCBEEEEBA,CBACECAADCEBDBADDDEBAECBEADBEDAECAEBCABCDEBED,0,EADBDCCBADBEBCEBCABDEBEEBECADDBEACACDDBCADCCA,EDDBDDACDCEDDACBBBCBCDCECADBEEBAAADECAECCBCAD,DECEACCEBBDADEBABEAAEDCBCABDCEBADCEBAAECBBCBDABEBB,CBAACCEABDDCDBDDCEAECADBECEBACBDABDBEBCDADCEE,1,160,160,160,160,80,720,F,G,F,E,2,J,A,B,C,A,A,B,A,B,A,B,A,B,D,B,B,C,A,B,B,C,B,C,3,0,2,5,0,5,5,5,5,5,5,5,5,C,A,A,A,C,D,A,A,A
18,036bce628d802e0da1fc727057dd40e979a03ac3,2016,2101202,Bacabal,21,MA,24,F,0,2,1,2101202,Bacabal,21,MA,2,0,2,1,0,21099707,2101202,Bacabal,21,MA,2,1,1,0,0,0,0,0,0,0,0,0,0,0,0,0,0,0,0,0,0,0,0,0,0,0,0,0,0,0,0,0,0,0,0,0,0,0,0,0,0,0,0,0,0,0,0,0,0,0,0,0,0,0,0,0,,,,2101202,Bacabal,21,MA,1,1,1,1,c8328ebc6f3238e06076c481bc1b82b8301e7a3f,f48d390ab6a2428e659c37fb8a9d00afde621889,01abbb7f1a90505385f44eec9905f82ca2a42cfd,81d0ee00ef42a7c23eb04496458c03d4c5b9c31a,474.4,540,517.4,402.4,CBDAADDBCECBACDDBEEEAECDDBBEAACCEACDBBBEEDBCD,ACCAEEDDAECBCCEECABEACAACDEADAEACCABABABAACEA,99999BDCBBDEBAAABECBABEACDBBECCCAADBAAADABEEABBAAA,ECCDEACBCBEDCBDCEBBCCCBDBCCDCBBEDCCBDBACEBEDB,1,DBDCCACADBADBCABDEBEECECDDBCADCCBEBBEDBEAEACA,EEBCBCEDDBDDACCCBCADADBAADEDDADCECAECBBBADCEC,EDECACCBBEDEBBBDABCBBCCEBADCEBAAEAAEDCBCABDBABEADE,CEECDBDADEBCCEBABECEACBDABDBDDABDDECADCCEACBA,1,120,80,80,120,60,460,A,A,A,A,3,B,A,B,C,A,A,B,A,A,A,A,A,A,B,A,A,B,A,A,A,C,J,D,5,0,5,5,5,5,5,2,5,5,5,5,5,A,A,A,B,B,A,A,B,A
19,e2550a9dbfe4dfa31af61ab8cbdd08de283fd7ba,2016,1501709,Bragança,15,PA,20,M,0,3,1,1501709,Bragança,15,PA,1,1,1,,0,,,,,,,,,0,0,0,0,0,0,0,0,0,0,0,0,0,0,0,0,0,0,0,0,0,0,0,0,0,0,0,0,0,0,0,0,0,0,0,0,0,0,0,0,0,0,0,0,0,0,0,0,0,0,0,0,0,,,,1501709,Bragança,15,PA,1,1,1,1,16f84b7b3d2aeaff7d2f01297e6b3d0e25c77bb2,9cd70f1b922e02bd33453b3f607f5a644fb9b1b8,01af53cd161a420fff1767129c10de560cc264dd,97caab1e1533dba217deb7ef41490f52e459ab01,395.5,425.2,569.5,475.8,EBCBDEEABEEBBCAABBCDDADBDDBEEDBBCDBABCBABAEAC,EEEBAAECCCBCADDBBABDDCBDBCCCADDCACACBCBDBCDBA,99999DCBBABDEBBCACDAEEBCBDADBEBBBDCAAEEEEEDEBEDBDE,DEBEDBCAACEDBCBACCACDEABCBCCAABDBBDEBDDDCDCED,1,BCADBCEDCCBADBDCADBEBDBEADCCAEACDBEDBCACAEBEE,BCBCCADCCBEDDBEEADBDCECCBBECAEEDDADCDDACAADBA,CEDEACCBEBDBABECABDADEADCEDCBEBBCEBAAEBAAECBBCBDAB,DADCCECBDECADCBACDBCEEABDDAABDBCEADDBECEBAEBC,1,100,120,80,100,120,520,D,C,B,A,5,B,A,B,C,A,B,B,A,A,A,A,A,A,B,B,A,D,A,A,A,A,,,,,,,,5,5,3,5,5,5,5,,A,A,A,A,A,A,A,B,A
20,fa8d39d295f07f351cbff175dcfe01a4cbb49ca3,2016,3131307,Ipatinga,31,MG,21,F,1,3,1,3119401,Coronel Fabriciano,31,MG,4,0,1,,0,,,,,,,,,0,0,0,0,0,0,0,0,0,0,0,0,0,0,0,0,0,0,0,0,0,0,0,0,0,0,0,0,0,0,0,0,0,0,0,0,0,0,0,0,0,0,0,0,0,0,0,0,0,0,0,0,1,INSTITUTO FEDERAL DE EDUCAÇÃO CIÊNCIA E TECNOLOGIA DE MINAS GERAIS,31,MG,3131307,Ipatinga,31,MG,1,1,0,0,c8328ebc6f3238e06076c481bc1b82b8301e7a3f,f48d390ab6a2428e659c37fb8a9d00afde621889,2d22ac1d42e6187f09ee6c578df187a760123ccf,2d22ac1d42e6187f09ee6c578df187a760123ccf,393.3,429.6,,,AACBEDAECDAAAEDDEAADAABDDDADAAACAADAACCDCDDDD,DBCADBBAEDCBDCCADEADDAACABDAEDCEEAADCBDAADCDC,,,1,DBDCCACADBADBCABDEBEECECDDBCADCCBEBBEDBEAEACA,EEBCBCEDDBDDACCCBCADADBAADEDDADCECAECBBBADCEC,,,,,,,,,,B,G,C,B,7,D,B,B,C,A,A,B,A,B,A,A,A,A,B,B,A,E,B,A,B,B,H,A,5,5,5,5,5,5,5,5,5,5,2,5,,A,A,A,A,D,A,A,B,D
21,bedf9d4bf2c29669d24ef9ed9fa4bb6b8a2b574b,2016,3162005,São Gonçalo do Sapucaí,31,MG,18,F,0,1,1,3162005,São Gonçalo do Sapucaí,31,MG,2,0,2,1,0,31174025,3162005,São Gonçalo do Sapucaí,31,MG,2,1,1,0,0,0,0,0,0,0,0,0,0,0,0,0,0,0,0,0,0,0,0,0,0,0,0,0,0,0,0,0,0,0,0,0,0,0,0,0,0,0,0,0,0,0,0,0,0,0,0,0,0,0,0,0,,,,3162005,São Gonçalo do Sapucaí,31,MG,1,1,1,1,c8328ebc6f3238e06076c481bc1b82b8301e7a3f,f48d390ab6a2428e659c37fb8a9d00afde621889,01abbb7f1a90505385f44eec9905f82ca2a42cfd,81d0ee00ef42a7c23eb04496458c03d4c5b9c31a,471.9,628,588.2,518,DEDBCDDCDDCDAEDEBEDAABCBECCEADCEDCABEADEACBDD,AEECDABBDDECACCEBCABAEDAADEDDACEEAACCABBADCEA,99999DAADEEBEECCAEDEBCEEBADCEBDAEAAAEACCCBCBABDAEE,EABEDBDCDBBADCDCEABEADABBDBDACEECCDCDBCCEBCDD,1,DBDCCACADBADBCABDEBEECECDDBCADCCBEBBEDBEAEACA,EEBCBCEDDBDDACCCBCADADBAADEDDADCECAECBBBADCEC,EDECACCBBEDEBBBDABCBBCCEBADCEBAAEAAEDCBCABDBABEADE,CEECDBDADEBCCEBABECEACBDABDBDDABDDECADCCEACBA,1,160,140,160,140,180,780,C,B,A,F,3,C,A,B,C,B,A,B,A,B,A,A,A,B,B,B,A,C,A,A,A,A,,,,,,,,3,5,2,5,5,1,5,,A,A,A,A,B,A,A,A,A
22,5458db66588b99384d711f24a5e77d2befb2bec9,2016,5300108,Brasília,53,DF,24,M,0,3,1,5300108,Brasília,53,DF,1,4,1,,0,,,,,,,,,0,0,0,0,0,0,0,0,0,0,0,0,0,0,0,0,0,0,0,0,0,0,0,0,0,0,0,0,0,0,0,0,0,0,0,0,0,0,0,0,0,0,0,0,0,0,0,0,0,0,0,0,0,,,,5300108,Brasília,53,DF,0,0,0,0,2d22ac1d42e6187f09ee6c578df187a760123ccf,2d22ac1d42e6187f09ee6c578df187a760123ccf,2d22ac1d42e6187f09ee6c578df187a760123ccf,2d22ac1d42e6187f09ee6c578df187a760123ccf,,,,,,,,,0,,,,,,,,,,,,H,D,F,B,7,D,A,B,D,B,B,B,B,B,B,B,A,A,D,A,B,E,B,B,B,C,B,E,3,3,3,3,3,2,4,2,3,3,2,3,3,A,A,A,B,A,A,B,B,B
23,f2dda998a10d8f259dec0018a0a0aefafb66dcf7,2016,4317103,Sant'Ana do Livramento,43,RS,24,M,0,1,1,4317103,Sant'Ana do Livramento,43,RS,1,6,1,,0,,,,,,,,,0,0,0,0,0,0,0,0,0,0,0,0,0,0,0,0,0,0,0,0,0,0,0,0,0,0,0,0,0,0,0,0,0,0,0,0,0,0,0,0,0,0,0,0,0,0,0,0,0,0,0,0,0,,,,4317103,Sant'Ana do Livramento,43,RS,0,0,0,0,2d22ac1d42e6187f09ee6c578df187a760123ccf,2d22ac1d42e6187f09ee6c578df187a760123ccf,2d22ac1d42e6187f09ee6c578df187a760123ccf,2d22ac1d42e6187f09ee6c578df187a760123ccf,,,,,,,,,1,,,,,,,,,,,,D,E,B,B,5,C,A,B,C,A,A,B,A,B,A,A,A,A,B,A,A,A,B,A,A,B,B,C,5,3,5,5,5,5,5,2,5,2,3,5,,A,B,B,B,A,A,B,B,B
24,fe981a60436f1d9e533a28c67dd66c72290ce7c7,2016,4101705,Araruna,41,PR,17,F,0,3,1,4101705,Araruna,41,PR,3,0,1,,1,,,,,,,,,0,0,0,0,0,0,0,0,0,0,0,0,0,0,0,0,0,0,0,0,0,0,0,0,0,0,0,0,0,0,0,0,0,0,0,0,0,0,0,0,0,0,0,0,0,0,0,0,0,0,0,0,0,,,,4104303,Campo Mourão,41,PR,0,0,0,0,2d22ac1d42e6187f09ee6c578df187a760123ccf,2d22ac1d42e6187f09ee6c578df187a760123ccf,2d22ac1d42e6187f09ee6c578df187a760123ccf,2d22ac1d42e6187f09ee6c578df187a760123ccf,,,,,,,,,1,,,,,,,,,,,,H,B,F,F,4,B,A,B,E,A,A,B,A,B,B,B,A,A,B,B,A,E,A,B,B,A,,,,,,,,5,2,0,5,5,5,5,,A,A,A,B,C,A,A,C,A
25,f08085c95978cded4e8009e734772d2889c6ab1d,2016,3101607,Alfenas,31,MG,30,F,1,1,1,3104304,Areado,31,MG,1,10,1,,0,,,,,,,,,0,0,0,0,0,0,0,0,0,0,0,0,0,0,0,0,0,0,0,0,0,0,0,0,0,0,0,0,0,0,0,0,0,0,0,0,0,0,0,0,0,0,0,0,0,0,0,0,0,0,0,0,0,,,,3104304,Areado,31,MG,0,0,0,0,2d22ac1d42e6187f09ee6c578df187a760123ccf,2d22ac1d42e6187f09ee6c578df187a760123ccf,2d22ac1d42e6187f09ee6c578df187a760123ccf,2d22ac1d42e6187f09ee6c578df187a760123ccf,,,,,,,,,1,,,,,,,,,,,,B,B,A,A,2,B,A,B,D,B,A,B,A,B,A,B,A,B,C,A,A,C,A,B,B,A,,,,,,,,5,5,4,5,3,4,5,,A,A,A,A,A,A,A,A,A
26,2600ee9cbb63e8dc65423f18d2f33c8ad198edfe,2016,3143302,Montes Claros,31,MG,18,F,0,3,1,3139300,Manga,31,MG,1,1,1,,0,,,,,,,,,0,0,0,0,0,0,0,0,0,0,0,0,0,0,0,0,0,0,0,0,0,0,0,0,0,0,0,0,0,0,0,0,0,0,0,0,0,0,0,0,0,0,0,0,0,0,0,0,0,0,0,0,0,,,,3143302,Montes Claros,31,MG,1,1,1,1,16f84b7b3d2aeaff7d2f01297e6b3d0e25c77bb2,9cd70f1b922e02bd33453b3f607f5a644fb9b1b8,01af53cd161a420fff1767129c10de560cc264dd,97caab1e1533dba217deb7ef41490f52e459ab01,484.8,485.3,559.1,475.3,ACCCCBBEEDDBACDABAACCA.CCEDCDEDACBBABBADCEBBA,CABBABACEABBECABABCDDEDAEBBEADEAAAABCBDEECDAA,99999DCBDAACEBEDACDAEBCCEACACEEBEBBAAEAAABDBBCDDDE,EACEDACDDDADEBBAEDCBADACDB*CAAAABEEBDACEB*AAA,1,BCADBCEDCCBADBDCADBEBDBEADCCAEACDBEDBCACAEBEE,BCBCCADCCBEDDBEEADBDCECCBBECAEEDDADCDDACAADBA,CEDEACCBEBDBABECABDADEADCEDCBEBBCEBAAEBAAECBBCBDAB,DADCCECBDECADCBACDBCEEABDDAABDBCEADDBECEBAEBC,1,120,100,120,120,40,500,D,D,B,B,4,B,A,B,C,A,B,B,B,A,A,A,A,A,B,A,A,C,A,B,B,A,,,,,,,,5,5,1,5,2,5,4,,A,A,A,A,A,A,A,A,A
27,75182e8460c3cae7808fbe4c3475c15e232327dd,2016,5210562,Itaguari,52,GO,22,M,0,3,1,5211404,Itauçu,52,GO,1,5,1,,0,,,,,,,,,0,0,0,0,0,0,0,0,0,0,0,0,0,0,0,0,0,0,0,0,0,0,0,0,0,0,0,0,0,0,0,0,0,0,0,0,0,0,0,0,0,0,0,0,0,0,0,0,0,0,0,0,0,,,,5210406,Itaberaí,52,GO,0,0,0,0,2d22ac1d42e6187f09ee6c578df187a760123ccf,2d22ac1d42e6187f09ee6c578df187a760123ccf,2d22ac1d42e6187f09ee6c578df187a760123ccf,2d22ac1d42e6187f09ee6c578df187a760123ccf,,,,,,,,,0,,,,,,,,,,,,D,D,D,D,2,D,A,C,C,C,A,B,A,B,A,B,A,A,B,B,A,C,A,B,B,C,A,C,0,0,5,4,1,5,5,1,5,0,2,0,1,A,A,A,A,A,A,A,B,A
28,9f1f0f639f56faed5cdb4db727692f9a49f7818b,2016,3205002,Serra,32,ES,19,M,0,3,1,3205309,Vitória,32,ES,2,0,2,3,0,32080735,3205002,Serra,32,ES,2,1,1,0,0,0,0,0,0,0,0,0,0,0,0,0,0,0,0,0,0,0,0,0,0,0,0,0,0,0,0,0,0,0,0,0,0,0,0,0,0,0,0,0,0,0,0,0,0,0,0,0,0,0,0,1,SECRETARIA ESTADUAL - ES,32,ES,3205002,Serra,32,ES,1,1,1,1,16f84b7b3d2aeaff7d2f01297e6b3d0e25c77bb2,9cd70f1b922e02bd33453b3f607f5a644fb9b1b8,72f80e4b3150c627c7ffc93cfe0fa13a9989b610,577f8968d95046f5eb5cc158608e12fa9ba34c85,473.2,439.1,472.8,430.8,ACBADAEDBABCABDBDDDCCCDBEEBCCAECCBADDCACDCACC,EBEBBDBCDBEDABAECACCBECBDAEBDABADCCDCCBADBBBC,CBCCA99999EBDBDCCABABBDCACDDADBEDECBCCBDBCCCCBDEDC,BEBACCEACDBDCBABCCDAADDDBCECDECBBCDADDBAACEDB,0,BCADBCEDCCBADBDCADBEBDBEADCCAEACDBEDBCACAEBEE,BCBCCADCCBEDDBEEADBDCECCBBECAEEDDADCDDACAADBA,DECEACCEBBDADEBABEAAEDCBCABDCEBADCEBAAECBBCBDABEBB,CBAACCEABDDCDBDDCEAECADBECEBACBDABDBEBCDADCEE,1,120,80,80,80,40,400,B,B,B,B,4,B,A,B,B,A,A,B,A,A,A,A,A,A,B,B,A,C,A,A,A,B,A,C,5,0,3,3,4,5,5,0,5,5,4,5,,A,A,A,B,B,A,B,B,B
29,45837167deb9a4e1969d5d9bdb31e8bfe7c94017,2016,3550308,São Paulo,35,SP,19,F,0,3,1,3550308,São Paulo,35,SP,2,0,2,1,0,35039299,3550308,São Paulo,35,SP,2,1,1,0,0,0,0,0,0,0,0,0,0,0,0,0,0,0,0,0,0,0,0,0,0,0,0,0,0,0,0,0,0,0,0,0,0,0,0,0,0,0,0,0,0,0,0,0,0,0,0,0,0,0,0,1,INSTITUTO FEDERAL DE EDUCAÇÃO CIÊNCIA E TECNOLOGIA DE SÃO PAULO,35,SP,3550308,São Paulo,35,SP,1,1,1,1,66b1dad288e13be0992bae01e81f71eca1c6e8a6,942ab3dc020af4cf53740b6b07e9dd7060b24164,5aebe5cad7fabc1545ac7fba07a4e6177f98483c,767a32545304ed293242d528f54d4edb1369f910,390.4,521.3,522.5,377.3,DEEBBAABACDAADCECDDBADCADAADBECACCACDDBADBEBE,BBABDCACDABCAADDADCEAACAAADEEABBACDEEACCCCAAB,EEDAA99999AABDCDBCAEDEEACDBDEADAACCDBAACBEECCCEDBD,AECAEDBBDBECACDCBEBBAEECDCCABECDCACDEEAEDBABD,0,EADBDCCBADBEBCEBCABDEBEEBECADDBEACACDDBCADCCA,EDDBDDACDCEDDACBBBCBCDCECADBEEBAAADECAECCBCAD,EECDABBECCDAAECBBCBDABBAAEEBBDCBADEBABEADCECEBCABD,CCEEBCCEBAABDDECADCEECDBCBDBECBADDACEAABDBDAD,1,120,80,100,120,20,440,B,C,C,F,5,C,A,B,C,A,A,B,B,B,B,A,A,B,B,A,A,D,B,B,B,B,C,A,5,5,5,5,5,5,5,3,5,5,5,5,,A,A,A,B,B,A,A,B,B
30,e1268d2857278d8ec8055524bc29cc16b5c4174f,2016,4109401,Guarapuava,41,PR,21,M,1,3,1,4101804,Araucária,41,PR,1,4,1,,0,,,,,,,,,0,0,0,0,0,0,0,0,0,0,0,0,0,0,0,0,0,0,0,0,0,0,0,0,0,0,0,0,0,0,0,0,0,0,0,0,0,0,0,0,0,0,0,0,0,0,0,0,0,0,0,0,0,,,,4109401,Guarapuava,41,PR,1,1,1,1,03b1fba5c1ebbc47988cd303b08982cfb2aa9cf2,f94e97c2a5689edd5369740fde9a927e23a9465f,9cbf6bf31d9d89a64ce2737ece4834fde4a95029,0ec1c8ac02d2747b6e9a99933fbf96127dd6e89e,475.8,530,483.1,467.3,CEDBEDBEBDACDACEDAECAACDACDCADDBABABDEACEEBCE,CADACDBDBEEADACABECBCDDADEEACBEACDBCCAEBEBBBA,99999ABDBCABDADECCEBCBACAEDCBDCCBCBDBDCECDAEBEBABB,DCABDCDABABCDCBBBACAADDEDBCCAEADBCBADEACBDBBA,1,CACCACXEBEACDEDBCBDECAADCCAEDABCAEBBACCCDDEBB,EBEADBEDCABDDEBBBBABEDDDECEECCBCABBCEAAEEBDDA,ADBDCCBCADEBDADDECADBBACEEACDACCCCCECAECDAACAEDAEB,CAACDBCEBCBDDDEEEEBCABBDBDEBBEADCDCCCACEDCBAD,1,120,120,120,120,40,520,B,B,C,B,2,F,A,B,B,B,A,B,B,A,A,B,A,A,B,B,A,C,A,B,A,C,C,E,5,5,5,5,5,5,4,5,5,4,0,5,4,A,A,A,A,A,A,A,B,A
31,b6b8661c6a0867a13e83b584a0468d5e05804128,2016,2111300,São Luís,21,MA,21,F,0,3,1,2111300,São Luís,21,MA,1,2,1,,0,,,,,,,,,0,0,0,0,0,0,0,0,0,0,0,0,0,0,0,0,0,0,0,0,0,0,0,0,0,0,0,0,0,0,0,0,0,0,0,0,0,0,0,0,0,0,0,0,0,0,0,0,0,0,0,0,0,,,,2111300,São Luís,21,MA,1,1,1,1,16f84b7b3d2aeaff7d2f01297e6b3d0e25c77bb2,9cd70f1b922e02bd33453b3f607f5a644fb9b1b8,72f80e4b3150c627c7ffc93cfe0fa13a9989b610,577f8968d95046f5eb5cc158608e12fa9ba34c85,413.6,522.3,530.1,553.9,DABEEAACDBDBEACBAADEACEDACCCCBEDBEBACCCBDABBB,BBDACBECCAEBDDEBAEADCEDABBCCABDDAAEAC.DBCADEB,99999CCECDAABEECBDBADADBDAADCEDDDDAEBCEBADDBDDADAE,DDDCDBACEDDDDBACDABDACDEECCDEDAADCDDBBADADCBD,1,BCADBCEDCCBADBDCADBEBDBEADCCAEACDBEDBCACAEBEE,BCBCCADCCBEDDBEEADBDCECCBBECAEEDDADCDDACAADBA,DECEACCEBBDADEBABEAAEDCBCABDCEBADCEBAAECBBCBDABEBB,CBAACCEABDDCDBDDCEAECADBECEBACBDABDBEBCDADCEE,1,160,160,160,160,140,780,E,C,D,B,4,B,A,B,B,A,A,B,A,A,A,B,A,A,B,B,B,C,A,B,B,B,I,D,5,0,2,5,5,5,5,2,5,5,5,5,,B,A,A,A,A,A,A,A,A
32,3982766156703660bd7c9662b663d250a68f2734,2016,2611101,Petrolina,26,PE,17,F,0,3,1,2611101,Petrolina,26,PE,2,0,2,1,0,26178095,2611101,Petrolina,26,PE,2,1,1,0,0,0,0,0,0,0,0,0,0,0,0,0,0,0,0,0,0,0,0,0,0,0,0,0,0,0,0,0,0,0,0,0,0,0,0,0,0,0,0,0,0,0,0,0,0,0,0,0,0,0,0,0,,,,2611101,Petrolina,26,PE,1,1,1,1,c8328ebc6f3238e06076c481bc1b82b8301e7a3f,f48d390ab6a2428e659c37fb8a9d00afde621889,01abbb7f1a90505385f44eec9905f82ca2a42cfd,81d0ee00ef42a7c23eb04496458c03d4c5b9c31a,510,560.2,424.6,394,BBDBABCBCBCEDDEDDEBC*DEDCCBCCDCCBDCDDACBACBCD,DECEDBDCDCDDACCBCABDBABACDEAACDBECCBDBCAEABEA,DBDDA99999EBEEBABEDADAABCCDBBABCCDCCACCCACDDEBBEAB,BDBEACDCDBCCDEBBEBCCABCBBDCABCCDDECDACCAEDCDA,0,DBDCCACADBADBCABDEBEECECDDBCADCCBEBBEDBEAEACA,EEBCBCEDDBDDACCCBCADADBAADEDDADCECAECBBBADCEC,EDECACCBBEDEBBBDABCBBCCEBADCEBAAEAAEDCBCABDBABEADE,CEECDBDADEBCCEBABECEACBDABDBDDABDDECADCCEACBA,1,160,160,140,160,100,720,E,D,B,B,3,B,A,B,C,A,A,B,A,A,A,A,A,A,B,A,A,D,A,A,A,A,,,,,,,,5,5,5,5,5,5,5,,D,A,A,A,B,A,A,A,A
33,b82b9c8e6d995692aedfad5a31c0c14cfcf108f1,2016,2304459,Fortim,23,CE,19,M,0,1,1,2304459,Fortim,23,CE,2,0,2,1,0,23125012,2304459,Fortim,23,CE,2,1,1,0,0,0,0,0,0,0,0,0,0,0,0,0,0,0,0,0,0,0,0,0,0,0,0,0,0,0,0,0,0,0,0,0,0,0,0,0,0,0,0,0,0,0,0,0,0,0,0,0,0,0,0,1,INSTITUTO FEDERAL DE EDUCAÇÃO CIÊNCIA E TECNOLOGIA DO CEARÁ,23,CE,2301109,Aracati,23,CE,1,1,1,1,16f84b7b3d2aeaff7d2f01297e6b3d0e25c77bb2,9cd70f1b922e02bd33453b3f607f5a644fb9b1b8,5aebe5cad7fabc1545ac7fba07a4e6177f98483c,767a32545304ed293242d528f54d4edb1369f910,440,477.2,470.5,415.5,ADCAAACBAAEADCBEABCDEDDDAADCADDACDCAADDBBCDAE,ADBBCBDDAABBDEDCBCEABCBDBEAAADEEDBACDEBCEABAB,99999CBBDBCAEDCADEDCDDCEACDABDEABDACDEACABECABDACE,ABACDABBCEADBBABBCCACEEBBDCAEBABECCCAAEDCABEB,1,BCADBCEDCCBADBDCADBEBDBEADCCAEACDBEDBCACAEBEE,BCBCCADCCBEDDBEEADBDCECCBBECAEEDDADCDDACAADBA,EECDABBECCDAAECBBCBDABBAAEEBBDCBADEBABEADCECEBCABD,CCEEBCCEBAABDDECADCEECDBCBDBECBADDACEAABDBDAD,1,120,120,100,120,140,600,B,B,A,C,5,D,A,B,D,A,B,B,A,A,A,A,A,A,B,A,A,C,A,B,A,A,,,,,,,,5,5,5,5,5,5,5,,A,A,A,A,B,A,A,A,A
34,3b096a7385fbcd24adb5e622db6ec33ad81b711c,2016,3304557,Rio de Janeiro,33,RJ,17,F,0,3,2,,,,,2,0,2,1,0,21136904,2100808,Anapurus,21,MA,2,1,1,0,0,0,0,0,0,0,0,0,0,0,0,0,0,0,0,0,0,0,0,0,0,0,0,0,0,0,0,0,0,0,0,0,0,0,0,0,0,0,0,0,0,0,0,0,0,0,0,0,0,0,0,0,,,,2103208,Chapadinha,21,MA,1,1,1,1,c8328ebc6f3238e06076c481bc1b82b8301e7a3f,f48d390ab6a2428e659c37fb8a9d00afde621889,01abbb7f1a90505385f44eec9905f82ca2a42cfd,81d0ee00ef42a7c23eb04496458c03d4c5b9c31a,430.6,544.2,402.9,427.3,CDEDBAADAABCADECDECBBBDBDDCDEABACACBDCCAEDCCD,ACCABCEBEEDDACCCBEBDAECABEDCDBCDBCACEABCBDEEB,99999BDCABBBEADDECDBDEAADCDCCADABBBBBADEEBBEDEDACE,CAABCDEACEDCBCCECECCDBADBCBCBBBCDCDDDBCBCCBAB,1,DBDCCACADBADBCABDEBEECECDDBCADCCBEBBEDBEAEACA,EEBCBCEDDBDDACCCBCADADBAADEDDADCECAECBBBADCEC,EDECACCBBEDEBBBDABCBBCCEBADCEBAAEAAEDCBCABDBABEADE,CEECDBDADEBCCEBABECEACBDABDBDDABDDECADCCEACBA,1,140,120,120,140,100,620,C,C,A,B,5,A,A,B,C,A,A,B,A,A,A,A,A,A,B,A,A,B,B,A,A,B,C,E,3,0,5,5,2,5,5,5,5,5,5,5,,A,A,A,A,C,A,A,A,A
35,ab01ff1e35bb088cda3ccb34ee11e718cf49961c,2016,3503901,Arujá,35,SP,24,F,0,2,1,3503901,Arujá,35,SP,1,6,1,,0,,,,,,,,,0,0,0,0,0,0,0,0,0,0,0,0,0,0,0,0,0,0,0,0,0,0,0,0,0,0,0,0,0,0,0,0,0,0,0,0,0,0,0,0,0,0,0,0,0,0,0,0,0,0,0,0,0,,,,3503901,Arujá,35,SP,1,1,1,1,c8328ebc6f3238e06076c481bc1b82b8301e7a3f,f48d390ab6a2428e659c37fb8a9d00afde621889,5aebe5cad7fabc1545ac7fba07a4e6177f98483c,767a32545304ed293242d528f54d4edb1369f910,449.7,485,518.5,508,ABAAAABEABDAEEBABEAEEEAEEECDBEAABACCBBCCCDEAB,EEDACBBDADBADECBABBDDACACCBEDCADACABAADAEAACA,DDBAA99999AAAACBBADDCDAAACADEDAAAABEEABDDACCCBBAAB,AAABAACBAAABAAECCACBEDCEBACCDBBAABCADBBBAABBC,0,DBDCCACADBADBCABDEBEECECDDBCADCCBEBBEDBEAEACA,EEBCBCEDDBDDACCCBCADADBAADEDDADCECAECBBBADCEC,EECDABBECCDAAECBBCBDABBAAEEBBDCBADEBABEADCECEBCABD,CCEEBCCEBAABDDECADCEECDBCBDBECBADDACEAABDBDAD,1,120,120,120,120,40,520,D,C,B,B,5,D,A,B,B,A,A,B,A,A,A,B,A,A,B,B,A,D,B,A,B,C,F,D,5,5,5,5,5,5,5,5,5,4,5,5,5,A,A,A,A,A,A,A,A,A
36,91720b5fe48f70c5f4b21231f265badbb7965923,2016,1303403,Parintins,13,AM,17,F,0,3,1,1303403,Parintins,13,AM,2,0,2,1,0,15164780,1503903,Juruti,15,PA,2,2,1,0,0,0,0,0,0,0,0,0,0,0,0,0,0,0,0,0,0,0,0,0,0,0,0,0,0,0,0,0,0,0,0,0,0,0,0,0,0,0,0,0,0,0,0,0,0,0,0,0,0,0,0,0,,,,1303403,Parintins,13,AM,1,1,1,1,16f84b7b3d2aeaff7d2f01297e6b3d0e25c77bb2,9cd70f1b922e02bd33453b3f607f5a644fb9b1b8,01abbb7f1a90505385f44eec9905f82ca2a42cfd,81d0ee00ef42a7c23eb04496458c03d4c5b9c31a,465.7,559.7,542.5,563.6,ABADEACDAEBDAABDECDCBBEACDDBEEDACDBEAEBBDECBB,ECADCACDEAEBDDEBCBCADEEAABEDABEDEADCCAACACAAB,99999ECEDAABABCEABCBBCBABABCAAEEEACAAACDECAAABBACB,CAAADEBEEBEECCEADCABDCADCEABADCBCDEDADDDEAABE,1,BCADBCEDCCBADBDCADBEBDBEADCCAEACDBEDBCACAEBEE,BCBCCADCCBEDDBEEADBDCECCBBECAEEDDADCDDACAADBA,EDECACCBBEDEBBBDABCBBCCEBADCEBAAEAAEDCBCABDBABEADE,CEECDBDADEBCCEBABECEACBDABDBDDABDDECADCCEACBA,1,160,160,160,160,120,760,A,D,A,A,8,B,A,B,C,A,A,A,B,B,A,A,A,A,B,A,A,B,A,A,A,A,,,,,,,,5,5,0,5,5,5,5,,A,A,A,A,B,A,A,A,A
37,3f910c1717d215698a89b7774fae6aae9ce80a9b,2016,4314407,Pelotas,43,RS,18,F,0,1,1,4314407,Pelotas,43,RS,2,0,2,1,0,43100058,4314407,Pelotas,43,RS,1,1,1,0,0,0,0,0,0,0,0,0,0,0,0,0,0,0,0,0,0,0,0,0,0,0,0,0,0,0,0,0,0,0,0,0,0,0,0,0,0,0,0,0,0,0,0,0,0,0,0,0,0,0,0,0,,,,4314407,Pelotas,43,RS,1,1,1,1,b9b06ce8c319a3df2158ea3d0aef0f7d3eecaed7,909237ab0d84688e10c0470e2997348aff585273,01af53cd161a420fff1767129c10de560cc264dd,97caab1e1533dba217deb7ef41490f52e459ab01,477.3,554.3,441.9,383.2,EAACDADBCBDCCAAEACBABCBCECAEDACCBBCEBBAAECDCA,DAEBBCABDABBCCACBCECDACDDACABABACBBBCBCCCBBDC,99999ABCEAAECCCDBDAEBBEBAABCDBDCDADAAABEEACBCCEBAE,ACBCCBADBBABCDECAADBAEACBADDCEBCA*AEDACDBEBEA,1,EBEECADBCABECDDBEADCCABDEABEBCADBADDCCCEDBBCA,DCECBAAADCBBECAEDCEDDACCBDDACEDDBADBCADBCBCEE,CEDEACCBEBDBABECABDADEADCEDCBEBBCEBAAEBAAECBBCBDAB,DADCCECBDECADCBACDBCEEABDDAABDBCEADDBECEBAEBC,1,100,80,80,80,80,420,C,F,D,F,4,H,A,B,C,B,B,B,A,B,A,A,A,A,C,A,A,D,B,B,B,A,,,,,,,,5,5,2,5,5,5,5,,A,A,A,A,B,A,A,A,A
38,51e2e191d63c9ce01f2474dfef6867d39bde0e22,2016,3545209,Salto,35,SP,17,F,,3,1,2926400,Riacho de Santana,29,BA,2,0,2,1,0,35918581,3545209,Salto,35,SP,2,1,1,0,0,0,0,0,0,0,0,0,0,0,0,0,0,0,0,0,0,0,0,0,0,0,0,0,0,0,0,0,0,0,0,0,0,0,0,0,0,0,0,0,0,0,0,0,0,0,0,0,0,0,0,0,,,,3545209,Salto,35,SP,0,0,0,0,2d22ac1d42e6187f09ee6c578df187a760123ccf,2d22ac1d42e6187f09ee6c578df187a760123ccf,2d22ac1d42e6187f09ee6c578df187a760123ccf,2d22ac1d42e6187f09ee6c578df187a760123ccf,,,,,,,,,1,,,,,,,,,,,,B,B,A,A,5,C,A,C,C,B,A,B,A,B,B,B,A,A,B,B,B,E,A,A,A,A,,,,,,,,5,5,3,5,5,4,5,,A,A,A,A,B,A,A,B,A
39,160449496c59d74d6efaed45b00fd1802d7b8fe0,2016,2902401,Aurelino Leal,29,BA,15,M,0,3,1,2914802,Itabuna,29,BA,3,0,1,,1,,,,,,,,,0,0,0,0,0,0,0,0,0,0,0,0,0,0,0,0,0,0,0,0,0,0,0,0,0,0,0,0,0,0,0,0,0,0,0,0,0,0,0,0,0,0,0,0,0,0,0,0,0,0,0,0,0,,,,2932200,Ubaitaba,29,BA,1,1,1,1,66b1dad288e13be0992bae01e81f71eca1c6e8a6,942ab3dc020af4cf53740b6b07e9dd7060b24164,01af53cd161a420fff1767129c10de560cc264dd,97caab1e1533dba217deb7ef41490f52e459ab01,467.8,512.9,452.4,470,CDAEDBCBCDDADCBDBDCDACABDDCAACDECCBBEEADDDBCA,ECEDDCDCEEBCDBBEAECDBDCCCAADDCABACDBEADCCECDD,99999AEBBAABECECEEDAABCDBDDEBBECDCCACBDECACEDBCEDE,BDABCACACCBDACDADEBCDCCDDAEEBADBDDEBBEDCBDCCD,1,EADBDCCBADBEBCEBCABDEBEEBECADDBEACACDDBCADCCA,EDDBDDACDCEDDACBBBCBCDCECADBEEBAAADECAECCBCAD,CEDEACCBEBDBABECABDADEADCEDCBEBBCEBAAEBAAECBBCBDAB,DADCCECBDECADCBACDBCEEABDDAABDBCEADDBECEBAEBC,1,140,140,120,120,80,600,E,G,C,D,3,F,A,C,D,B,B,C,B,B,A,B,A,A,C,B,B,D,A,B,B,A,,,,,,,,4,3,3,3,3,3,3,,D,A,A,A,C,D,A,A,A
40,5c90f15a173eb63ffaff1dda01bb41959cea8ade,2016,5103403,Cuiabá,51,MT,18,F,0,3,1,5103403,Cuiabá,51,MT,1,1,1,,0,,,,,,,,,0,0,0,0,0,0,0,0,0,0,0,0,0,0,0,0,0,0,0,0,0,0,0,0,0,0,0,0,0,0,0,0,0,0,0,0,0,0,0,0,0,0,0,0,0,0,0,0,0,0,0,0,0,,,,5103403,Cuiabá,51,MT,1,1,1,1,16f84b7b3d2aeaff7d2f01297e6b3d0e25c77bb2,9cd70f1b922e02bd33453b3f607f5a644fb9b1b8,72f80e4b3150c627c7ffc93cfe0fa13a9989b610,577f8968d95046f5eb5cc158608e12fa9ba34c85,407.8,559.8,479.3,435.4,BBCDEBABBCADBEDAACBCADCEBABDDDABCDABDEEADAEAB,BBECCADDCEBBAADADACDCEBCABBABBEADAEADEADBCDBB,99999EBDADAEADBEABAAEEDEDAEADDCBEBEBEDBDEECCDCBAAE,EBCCEBDCBDBADEACAEBBEDBAAEDDCCACDEBDAABACACEC,1,BCADBCEDCCBADBDCADBEBDBEADCCAEACDBEDBCACAEBEE,BCBCCADCCBEDDBEEADBDCECCBBECAEEDDADCDDACAADBA,DECEACCEBBDADEBABEAAEDCBCABDCEBADCEBAAECBBCBDABEBB,CBAACCEABDDCDBDDCEAECADBECEBACBDABDBEBCDADCEE,1,140,120,120,120,140,640,B,E,B,B,4,C,A,B,C,A,A,B,B,B,A,B,A,A,B,A,A,C,B,B,B,A,,,,,,,,5,5,5,5,3,5,5,,A,A,A,A,A,A,A,A,A
41,642546ecc2ac60f7533a50e51b3ced50d438fa2a,2016,3118601,Contagem,31,MG,24,F,0,3,1,3106200,Belo Horizonte,31,MG,1,8,1,,0,,,,,,,,,0,0,0,0,0,0,0,0,0,0,0,0,0,0,0,0,0,0,0,0,0,0,0,0,0,0,0,0,0,0,0,0,0,0,0,0,0,0,0,0,0,0,0,0,0,0,0,0,0,0,0,0,0,,,,3106705,Betim,31,MG,1,1,1,1,c8328ebc6f3238e06076c481bc1b82b8301e7a3f,f48d390ab6a2428e659c37fb8a9d00afde621889,72f80e4b3150c627c7ffc93cfe0fa13a9989b610,577f8968d95046f5eb5cc158608e12fa9ba34c85,401.4,506.9,518,373.9,ACCBCBDEDBBAECDDCBADBDADCBAABCACBADAEBBDADCCB,ECDDBCDBECBBDACCCABDCEBACDDADEBDBEABEDABBACCA,99999EBDDDAADBEAEBAAACDCDBEDDCCBDDCEAAAADBCAEABAEE,EEAECBADCDEDBEADBADDAEEBCEBDEACBBAABBBABBBBBA,1,DBDCCACADBADBCABDEBEECECDDBCADCCBEBBEDBEAEACA,EEBCBCEDDBDDACCCBCADADBAADEDDADCECAECBBBADCEC,DECEACCEBBDADEBABEAAEDCBCABDCEBADCEBAAECBBCBDABEBB,CBAACCEABDDCDBDDCEAECADBECEBACBDABDBEBCDADCEE,1,160,120,120,120,80,600,H,E,C,B,4,C,A,B,C,B,A,B,A,B,A,B,A,A,B,B,A,C,A,B,B,C,D,A,4,2,5,5,5,5,5,5,5,0,5,5,5,A,D,A,A,A,A,D,A,A
42,bcca1cc0d5b3005d943cd206eb899d1b0470d118,2016,4205407,Florianópolis,42,SC,17,M,0,1,1,4314902,Porto Alegre,43,RS,1,1,1,,0,,,,,,,,,0,0,0,0,0,0,0,0,0,0,0,0,0,0,0,0,0,0,0,0,0,0,0,0,0,0,0,0,0,0,0,0,0,0,0,0,0,0,0,0,0,0,0,0,0,0,0,0,0,0,0,0,0,,,,4314902,Porto Alegre,43,RS,1,1,1,1,b9b06ce8c319a3df2158ea3d0aef0f7d3eecaed7,909237ab0d84688e10c0470e2997348aff585273,01abbb7f1a90505385f44eec9905f82ca2a42cfd,81d0ee00ef42a7c23eb04496458c03d4c5b9c31a,448.9,639.2,604.4,542.4,CCBEADCCCCCCCCCDCCCCCCCCACCCCDCBCECCCCBCCCBCC,DCEDBDABDCABACEEAAECDACCEDCCCEADBADBABDECBDEE,EDECA99999AEAEDDACCBBCCDABEADABDDAACDBBDEBCBEAEABE,CAEBDBBADBCBEBBBBBBBBBBBBBBBBBBBBBBBBBBBBBBBB,0,EBEECADBCABECDDBEADCCABDEABEBCADBADDCCCEDBBCA,DCECBAAADCBBECAEDCEDDACCBDDACEDDBADBCADBCBCEE,EDECACCBBEDEBBBDABCBBCCEBADCEBAAEAAEDCBCABDBABEADE,CEECDBDADEBCCEBABECEACBDABDBDDABDDECADCCEACBA,1,160,140,140,140,140,720,E,G,D,D,3,G,A,B,C,B,A,B,B,B,A,B,A,B,D,B,B,E,B,D,B,A,,,,,,,,5,4,4,5,1,4,4,,D,A,A,A,A,B,A,A,A
43,80657dbe741b33c3b8aa6627ff05d721fc473535,2016,1302603,Manaus,13,AM,18,F,0,3,1,1302603,Manaus,13,AM,2,0,2,1,0,13027727,1302603,Manaus,13,AM,2,1,1,0,0,0,0,0,0,0,0,0,0,0,0,0,0,0,0,0,0,0,0,0,0,0,0,0,0,0,0,0,0,0,0,0,0,0,0,0,0,0,0,0,0,0,0,0,0,0,0,0,0,0,0,0,,,,1302603,Manaus,13,AM,1,1,1,1,b9b06ce8c319a3df2158ea3d0aef0f7d3eecaed7,909237ab0d84688e10c0470e2997348aff585273,01abbb7f1a90505385f44eec9905f82ca2a42cfd,81d0ee00ef42a7c23eb04496458c03d4c5b9c31a,373.4,518.4,521.8,405.7,ABBBBBBAEEDDBCADCBCDBEABDECBDACEECBBCBEBDBADC,DACBACAADABBCCECDCEDABEECDDDCBAADCDBCBADDEBEC,99999ACADCAEBAEEDDBDBEDCBADCEBCCDECCCABEABDBADBEEB,CACCDEDDAACDCBDEBCDECBDADEBDABEDCBADABEDCEAAC,1,EBEECADBCABECDDBEADCCABDEABEBCADBADDCCCEDBBCA,DCECBAAADCBBECAEDCEDDACCBDDACEDDBADBCADBCBCEE,EDECACCBBEDEBBBDABCBBCCEBADCEBAAEAAEDCBCABDBABEADE,CEECDBDADEBCCEBABECEACBDABDBDDABDDECADCCEACBA,1,120,120,80,120,40,480,H,D,F,F,5,E,A,B,C,A,A,B,A,A,A,B,A,A,C,A,A,C,A,B,B,A,,,,,,,,5,5,5,5,5,5,5,,A,A,A,A,B,A,A,A,A
44,c9fe095eda5d50f8fd64a9066f0c5cfc66b742d3,2016,3151909,Pocrane,31,MG,18,M,0,1,1,3547809,Santo André,35,SP,2,0,2,1,0,31020770,3151909,Pocrane,31,MG,2,1,1,0,0,0,0,0,0,0,0,0,0,0,0,0,0,0,0,0,0,0,0,0,0,0,0,0,0,0,0,0,0,0,0,0,0,0,0,0,0,0,0,0,0,0,0,0,0,0,0,0,0,0,0,0,,,,3101102,Aimorés,31,MG,1,1,1,1,c8328ebc6f3238e06076c481bc1b82b8301e7a3f,f48d390ab6a2428e659c37fb8a9d00afde621889,5aebe5cad7fabc1545ac7fba07a4e6177f98483c,767a32545304ed293242d528f54d4edb1369f910,560.8,586.9,623,555.6,BADAEABADEAACCABDBEEEBDDEBCEAABECACDDDDACADAD,EBEAEBDDDCBCACDCBAADEDCABEECDAABCDADCACEADDED,EACBA99999EAACCBC*DCAEBADEEBBEEBADEBABCADDECCBDEBD,CCCDCAABABBECCECEECABCDCCADBAAAEADCCADDBABABD,0,DBDCCACADBADBCABDEBEECECDDBCADCCBEBBEDBEAEACA,EEBCBCEDDBDDACCCBCADADBAADEDDADCECAECBBBADCEC,EECDABBECCDAAECBBCBDABBAAEEBBDCBADEBABEADCECEBCABD,CCEEBCCEBAABDDECADCEECDBCBDBECBADDACEAABDBDAD,1,120,120,120,120,140,620,B,C,C,B,3,D,A,C,D,A,A,B,B,A,A,B,A,A,C,B,A,D,A,C,B,C,E,D,4,0,5,5,4,4,5,4,5,3,3,0,2,A,A,A,D,B,A,A,A,A
45,ce018e1ed8c91f329f952c59abec1059d15544fc,2016,4124053,Santa Terezinha de Itaipu,41,PR,16,M,0,1,2,,,,,3,0,1,,1,,,,,,,,,0,0,0,0,0,0,0,0,0,0,0,0,0,0,0,0,0,0,0,0,0,0,0,0,0,0,0,0,0,0,0,0,0,0,0,0,0,0,0,0,0,0,0,0,0,0,0,0,0,0,0,0,0,,,,4124053,Santa Terezinha de Itaipu,41,PR,1,1,1,1,66b1dad288e13be0992bae01e81f71eca1c6e8a6,942ab3dc020af4cf53740b6b07e9dd7060b24164,01abbb7f1a90505385f44eec9905f82ca2a42cfd,81d0ee00ef42a7c23eb04496458c03d4c5b9c31a,593.9,549.4,603.1,539.7,DCACBDCAABDEABEDEADDEBEDDEAADDEEAEBCBDCEADBDE,BEECDEACACDADAEBBEDEDDCEAAEBDCEAAAEAAADEEDCBD,EDECA99999BEBEBCDECEBBCDAABDABAADAABDACDBABBEBDAED,CABCDBAADABCDBBDADECADEACDBBCBCDEADEDBDCAACDB,0,EADBDCCBADBEBCEBCABDEBEEBECADDBEACACDDBCADCCA,EDDBDDACDCEDDACBBBCBCDCECADBEEBAAADECAECCBCAD,EDECACCBBEDEBBBDABCBBCCEBADCEBAAEAAEDCBCABDBABEADE,CEECDBDADEBCCEBABECEACBDABDBDDABDDECADCCEACBA,1,120,120,80,120,40,480,C,C,A,F,4,H,A,D,D,C,A,C,B,B,B,B,A,B,D,A,A,E,A,A,B,C,C,B,2,0,5,5,0,5,3,3,5,2,0,5,2,A,A,A,A,C,A,A,A,A
46,15fb3ba785590aea2be363ee1b189f1e0c38d168,2016,2916401,Itapetinga,29,BA,16,F,0,2,1,2916401,Itapetinga,29,BA,3,0,1,,1,,,,,,,,,0,0,0,0,0,0,0,0,0,0,0,0,0,0,0,0,0,0,0,0,0,0,0,0,0,0,0,0,0,0,0,0,0,0,0,0,0,0,0,0,0,0,0,0,0,0,0,0,0,0,0,0,0,,,,2916401,Itapetinga,29,BA,1,1,1,1,c87a85497686b3e7b3765f84a2ca95256f0f66aa,0fb4772fc6ee9b951ade2fbe6699cc37985c422e,fa86b01f07636b15adfd66b688c79934730721a6,0e0082361eaceb6418bb17305a2b7912650b4783,498.2,619.9,515.7,390.3,DADCDCBECCECEDACACCCCADEEDAEBCDBBDABDDCDDBABD,ECBEDCAEEBECABAABDCAEDAEDDEEAADBBBAACADDDA*EC,99999BBEDAABACDBEDCCCECEAECBECEABAADBABAECBCBADEDE,ABADABEBBADBBABBACABDDBBBBBCBDCBCECCCDBBBCBCD,1,AADCACCECACDEDXCCDCCAACBCBDEBEBACCAEBDEBBEDAB,DEBEEDDEBBBBABADEDCBECABDDEEEAABBCCBCABDDAEEC,DDABCCBCDAACAEACDACCCCDAAECCECEBDAACEEDAEBECADBBDD,BCABBDDBDCDCCCACEDCBADEEEECAACEACEBCBDEBBBDDD,1,140,120,120,120,120,620,E,E,D,F,6,C,A,B,C,B,B,B,B,B,A,B,A,B,C,B,A,E,A,B,B,A,,,,,,,,5,5,2,5,3,4,5,,A,A,A,A,C,A,A,A,A
47,36c49582ac87ab0169f57407a7030d012e19db0f,2016,2112209,Timon,21,MA,18,F,0,1,1,2211001,Teresina,22,PI,2,0,2,1,0,21164711,2112209,Timon,21,MA,2,1,1,0,0,0,0,0,0,0,0,0,0,0,0,0,0,0,0,0,0,0,0,0,0,0,0,0,0,0,0,0,0,0,0,0,0,0,0,0,0,0,0,0,0,0,0,0,0,0,0,0,0,0,0,0,,,,2112209,Timon,21,MA,1,1,1,1,66b1dad288e13be0992bae01e81f71eca1c6e8a6,942ab3dc020af4cf53740b6b07e9dd7060b24164,5aebe5cad7fabc1545ac7fba07a4e6177f98483c,767a32545304ed293242d528f54d4edb1369f910,461.4,587.4,578.4,423.5,DBCCCCCECCCACACDCACCBCCABDCBCACCCCCCCCCBCDDDC,BBCDCABDACECDACBBECACDCEAAACACBAACDED*CACDEAD,99999BBEECCAABDDEEBDABBCACEBEEACAEBBABBDBCECCACCCC,CCCCCCCCCCCCCCCCCCCCCCCCCCCCCCCCCCCCCCCCBCCCC,1,EADBDCCBADBEBCEBCABDEBEEBECADDBEACACDDBCADCCA,EDDBDDACDCEDDACBBBCBCDCECADBEEBAAADECAECCBCAD,EECDABBECCDAAECBBCBDABBAAEEBBDCBADEBABEADCECEBCABD,CCEEBCCEBAABDDECADCEECDBCBDBECBADDACEAABDBDAD,1,120,120,120,140,120,620,E,F,B,F,4,D,A,C,C,B,A,B,B,B,A,B,A,A,C,A,B,D,B,B,B,A,,,,,,,,5,5,5,5,5,5,5,,C,A,A,A,B,A,A,A,A
48,272b3de95fdc0983aa22bd9cffa178a3a362ae43,2016,2211001,Teresina,22,PI,19,F,0,3,1,2211001,Teresina,22,PI,1,1,1,,0,,,,,,,,,0,0,0,0,0,0,0,0,0,0,0,0,0,0,0,0,0,0,0,0,0,0,0,0,0,0,0,0,0,0,0,0,0,0,0,0,0,0,0,0,0,0,0,0,0,0,0,0,0,0,0,0,0,,,,2211001,Teresina,22,PI,1,1,1,1,c8328ebc6f3238e06076c481bc1b82b8301e7a3f,f48d390ab6a2428e659c37fb8a9d00afde621889,01af53cd161a420fff1767129c10de560cc264dd,97caab1e1533dba217deb7ef41490f52e459ab01,524.5,581,586.5,471.1,EEDBCBCDEDCCBADBDAEABCEBDEDCDEACBBDBAAAEDEDCB,EEEAEDBDEECEDDCEEEBDACAACDEADABADCEAEDBBABDEC,99999CCBBDBBDBDDADBAEECDAEEADEBECEDAAADCADCDEECDAA,ABBCDECDDBDECAEEABBCCBECBCCBDACBDECEAEDADDBCC,1,DBDCCACADBADBCABDEBEECECDDBCADCCBEBBEDBEAEACA,EEBCBCEDDBDDACCCBCADADBAADEDDADCECAECBBBADCEC,CEDEACCBEBDBABECABDADEADCEDCBEBBCEBAAEBAAECBBCBDAB,DADCCECBDECADCBACDBCEEABDDAABDBCEADDBECEBAEBC,1,120,120,120,120,120,600,H,E,B,B,7,D,A,B,D,A,A,B,B,B,A,B,A,A,B,B,A,D,B,B,B,A,,,,,,,,4,5,5,5,5,3,5,,C,A,A,B,A,D,A,B,A
49,0a90fb44346e04615bc4879b2769751e65740f7e,2016,1714203,Natividade,17,TO,21,M,0,2,1,1705607,Conceição do Tocantins,17,TO,1,3,1,,0,,,,,,,,,0,0,0,0,0,0,0,0,0,0,0,0,0,0,0,0,0,0,0,0,0,0,0,0,0,0,0,0,0,0,0,0,0,0,0,0,0,0,0,0,0,0,0,0,0,0,0,0,0,0,0,0,0,,,,1714203,Natividade,17,TO,1,1,1,1,b9b06ce8c319a3df2158ea3d0aef0f7d3eecaed7,909237ab0d84688e10c0470e2997348aff585273,72f80e4b3150c627c7ffc93cfe0fa13a9989b610,577f8968d95046f5eb5cc158608e12fa9ba34c85,412.6,396.3,443.2,354.6,AEBDBBDBEDABBCCDADBECBCAEECEEDBBBDDDABACBAECE,DEBEDBCEDECDCBEEECDCDEBAEECDAEAADCAACDCAACBDC,99999BBAABAAEEBAC*BCCAECAEBCBECCAAEAEAEBADAEEDEAAA,AEABCDDDAAADEEADCDCBDEBBCCDEBAACBBDCBCBABBBBC,1,EBEECADBCABECDDBEADCCABDEABEBCADBADDCCCEDBBCA,DCECBAAADCBBECAEDCEDDACCBDDACEDDBADBCADBCBCEE,DECEACCEBBDADEBABEAAEDCBCABDCEBADCEBAAECBBCBDABEBB,CBAACCEABDDCDBDDCEAECADBECEBACBDABDBEBCDADCEE,1,80,80,60,60,40,320,D,G,A,D,6,D,A,B,D,B,B,B,A,A,A,A,A,A,A,A,A,B,A,A,A,B,D,A,5,4,5,5,5,5,5,2,5,1,5,5,,A,A,B,B,A,A,A,C,A
50,45baf0018e09111593b980febba5122c6045203b,2016,2606002,Garanhuns,26,PE,19,M,0,1,2,,,,,2,0,2,1,0,26076250,2606002,Garanhuns,26,PE,2,1,1,0,0,0,0,0,0,0,0,0,0,0,0,0,0,0,0,0,0,0,0,0,0,0,0,0,0,0,0,0,0,0,0,0,0,0,0,0,0,0,0,0,0,0,0,0,0,0,0,0,0,0,0,1,INSTITUTO FEDERAL DE EDUCAÇÃO CIÊNCIA E TECNOLOGIA DO SERTÃO PERNAMBUCANO,26,PE,2606002,Garanhuns,26,PE,1,1,1,1,69ed2ddcb151cfebe3d2ae372055335ac7c8c144,c95541bf218d7ff70572ca4bcb421edeff05c6d5,9cbf6bf31d9d89a64ce2737ece4834fde4a95029,0ec1c8ac02d2747b6e9a99933fbf96127dd6e89e,366.7,424.2,450.4,345.7,DADBDECEBDECCEDBBCECEADDABDADAEDCDACEDAECDCAE,AAEBDECEBECEDDBAEECAABADDECDECBADBBDAEABAEDDC,ABBBE99999AEDEDDECEADDAECECBEAECECEDBEAEADAEBDBAAB,ADEAECEABCAEDADDADAECACEED.CAEDBBACEDEDEBDECE,0,EDABDEBBCAEBXBACEBEACCCACCDBCBDACDEDECCACCAAD,EECBDDACBCABBCEAAADEEEDCABDDECBBABEBBBEDDEBED,ADBDCCBCADEBDADDECADBBACEEACDACCCCCECAECDAACAEDAEB,CAACDBCEBCBDDDEEEEBCABBDBDEBBEADCDCCCACEDCBAD,1,80,100,80,80,40,380,C,C,A,B,4,B,A,B,C,A,A,B,A,A,A,A,A,A,B,A,A,B,A,A,A,A,,,,,,,,5,5,5,5,5,4,5,,A,A,B,B,B,A,A,A,A
51,1495c703543bb33d4b2a3a38075e9102541d872d,2016,2304400,Fortaleza,23,CE,18,F,0,2,1,2304400,Fortaleza,23,CE,3,0,1,,0,,,,,,,,,0,0,0,0,0,0,0,0,0,0,0,0,0,0,0,0,0,0,0,0,0,0,0,0,0,0,0,0,0,0,0,0,0,0,0,0,0,0,0,0,0,0,0,0,0,0,0,0,0,0,0,0,1,SECRETARIA ESTADUAL - CE,23,CE,2304400,Fortaleza,23,CE,1,1,1,1,16f84b7b3d2aeaff7d2f01297e6b3d0e25c77bb2,9cd70f1b922e02bd33453b3f607f5a644fb9b1b8,01af53cd161a420fff1767129c10de560cc264dd,97caab1e1533dba217deb7ef41490f52e459ab01,440.3,493.9,536.4,443.8,CDBAABDCCDBBDCECDBDCBDDEBBBCEDEBCDBBCECEBEDEB,ACDCAADCDEBDCEAADEBEBEAADEACABAADAAADBCBDCEAA,99999EDDACBCDBDCDBDADBDDACADABBCDBCAABBEAACADBEBDE,CABEBABDAADDBAEDBDBCBDCDBECBCEDADCCBDADBAABAD,1,BCADBCEDCCBADBDCADBEBDBEADCCAEACDBEDBCACAEBEE,BCBCCADCCBEDDBEEADBDCECCBBECAEEDDADCDDACAADBA,CEDEACCBEBDBABECABDADEADCEDCBEBBCEBAAEBAAECBBCBDAB,DADCCECBDECADCBACDBCEEABDDAABDBCEADDBECEBAEBC,1,80,120,120,80,20,420,H,H,F,F,4,C,A,B,B,A,A,B,B,B,A,A,A,A,B,B,A,C,A,A,A,A,,,,,,,,5,5,3,5,5,5,5,,A,A,A,A,C,A,A,B,A
52,31640380bd530bb03092038113931fe88235552d,2016,5106752,Pontes e Lacerda,51,MT,18,F,0,3,1,5105507,Vila Bela da Santíssima Trindade,51,MT,1,1,1,,0,,,,,,,,,0,0,0,0,0,0,0,0,0,0,0,0,0,0,0,0,0,0,0,0,0,0,0,0,0,0,0,0,0,0,0,0,0,0,0,0,0,0,0,0,0,0,0,0,0,0,0,0,0,0,0,0,0,,,,5106752,Pontes e Lacerda,51,MT,0,0,0,0,2d22ac1d42e6187f09ee6c578df187a760123ccf,2d22ac1d42e6187f09ee6c578df187a760123ccf,2d22ac1d42e6187f09ee6c578df187a760123ccf,2d22ac1d42e6187f09ee6c578df187a760123ccf,,,,,,,,,1,,,,,,,,,,,,E,G,B,D,4,D,A,B,B,A,A,B,A,B,A,A,A,A,B,A,A,B,B,B,B,B,D,C,5,0,5,5,5,5,5,1,5,5,5,5,,A,D,A,A,A,A,D,A,A
53,99b9a595ef66afd906ff6cc1924b8aec91d569ac,2016,3513009,Cotia,35,SP,18,F,0,1,1,3522208,Itapecerica da Serra,35,SP,1,1,1,,0,,,,,,,,,0,0,0,0,0,0,0,0,0,0,0,0,0,0,0,0,0,0,0,0,0,0,0,0,0,0,0,0,0,0,0,0,0,0,0,0,0,0,0,0,0,0,0,0,0,0,0,0,0,0,0,0,0,,,,3513009,Cotia,35,SP,1,1,1,1,c8328ebc6f3238e06076c481bc1b82b8301e7a3f,f48d390ab6a2428e659c37fb8a9d00afde621889,72f80e4b3150c627c7ffc93cfe0fa13a9989b610,577f8968d95046f5eb5cc158608e12fa9ba34c85,377.9,527.3,493.6,629.3,DCAAEBBCADEDACDCABDDBCEBDAAEEACACCDDBDCEEDACD,ACACEBEEEDDADCECEBADACAACDDADBCDADACABBBBDDEA,EEABA99999CCDDDBBBCAAEDADDCDAADDCCEDABBCAECAEEEBBE,CAECEDBABDEEDBDBCAEDDADBDCEEAACDABEAEABCAECAC,0,DBDCCACADBADBCABDEBEECECDDBCADCCBEBBEDBEAEACA,EEBCBCEDDBDDACCCBCADADBAADEDDADCECAECBBBADCEC,DECEACCEBBDADEBABEAAEDCBCABDCEBADCEBAAECBBCBDABEBB,CBAACCEABDDCDBDDCEAECADBECEBACBDABDBEBCDADCEE,1,120,100,80,100,60,460,E,E,B,E,2,C,A,B,B,A,A,A,A,B,A,B,A,A,B,A,B,C,A,B,A,B,D,D,1,0,0,1,0,1,1,1,5,2,1,5,,A,A,B,A,A,A,A,B,A
54,89b718d7a23461843c46a4e7e3b44bda0b0152bf,2016,5217609,Planaltina,52,GO,21,M,0,3,1,5217609,Planaltina,52,GO,1,2,1,,0,,,,,,,,,0,0,0,0,0,0,0,0,0,0,0,0,0,0,0,0,0,0,0,0,0,0,0,0,0,0,0,0,0,0,0,0,0,0,0,0,0,0,0,0,0,0,0,0,0,0,0,0,0,0,0,0,0,,,,5217609,Planaltina,52,GO,1,1,1,1,c8328ebc6f3238e06076c481bc1b82b8301e7a3f,f48d390ab6a2428e659c37fb8a9d00afde621889,5aebe5cad7fabc1545ac7fba07a4e6177f98483c,767a32545304ed293242d528f54d4edb1369f910,595.1,565.7,577.4,393.6,CBEBEAAABBAADCDDDAEEADCAEBACBBCCBCEBDDBEEDACB,DEECDCBADDDCACCBEEADBDEEADEADDECEDEEABBEDBBCB,99999DBDBAAACDCBBCBACADEAEBBCCABAEEBCEBCDDEAABAABD,AADACEBDCBCADDEBBCCADEECAABDABBDBEACBAECADCAC,1,DBDCCACADBADBCABDEBEECECDDBCADCCBEBBEDBEAEACA,EEBCBCEDDBDDACCCBCADADBAADEDDADCECAECBBBADCEC,EECDABBECCDAAECBBCBDABBAAEEBBDCBADEBABEADCECEBCABD,CCEEBCCEBAABDDECADCEECDBCBDBECBADDACEAABDBDAD,1,100,120,120,120,100,560,B,E,C,F,4,D,A,C,D,A,B,B,A,B,B,B,B,A,B,B,A,E,A,B,B,C,G,E,3,0,5,4,3,5,5,5,5,1,3,5,2,A,A,A,B,A,A,A,A,A
55,2811fcc8205f513d44f523a753e74e6cc593a4f9,2016,3144805,Nova Lima,31,MG,18,M,0,3,1,3106200,Belo Horizonte,31,MG,2,0,2,1,0,31009539,3144805,Nova Lima,31,MG,2,1,1,0,0,0,0,0,0,0,0,0,0,0,0,0,0,0,0,0,0,0,0,0,0,0,0,0,0,0,0,0,0,0,0,0,0,0,0,0,0,0,0,0,0,0,0,0,0,0,0,0,0,0,0,0,,,,3144805,Nova Lima,31,MG,1,1,1,1,c8328ebc6f3238e06076c481bc1b82b8301e7a3f,f48d390ab6a2428e659c37fb8a9d00afde621889,01af53cd161a420fff1767129c10de560cc264dd,97caab1e1533dba217deb7ef41490f52e459ab01,561.1,610.8,607.5,708.5,DBDACABABBECDCABDEEDACCBDCCEDAECADBBCDCEECAAD,EBEBECBDDADDACCBECADBEBEADEDDDBCCCDDCDDEADCEA,99999ABDCBBEDEECEADABEADEEDABEBABEEAABCAAECECCCDEE,BADCCABCEDCBECBDCDBCAEAEBDDCBBAADDABBECBBAEBE,1,DBDCCACADBADBCABDEBEECECDDBCADCCBEBBEDBEAEACA,EEBCBCEDDBDDACCCBCADADBAADEDDADCECAECBBBADCEC,CEDEACCBEBDBABECABDADEADCEDCBEBBCEBAAEBAAECBBCBDAB,DADCCECBDECADCBACDBCEEABDDAABDBCEADDBECEBAEBC,1,120,100,120,80,100,520,F,F,E,D,5,H,A,D,D,C,A,B,B,B,A,B,A,B,C,B,A,E,B,B,B,A,,,,,,,,5,5,4,5,2,2,4,,C,A,A,A,B,A,A,A,B
56,777bd9bcb30c7af5ee67f98072e572a304ad0042,2016,2304400,Fortaleza,23,CE,40,M,0,3,1,2306405,Itapipoca,23,CE,1,10,1,,0,,,,,,,,,0,0,0,0,0,0,0,0,0,0,0,0,0,0,0,0,0,0,0,0,0,0,0,0,0,0,0,0,0,0,0,0,0,0,0,0,0,0,0,0,0,0,0,0,0,0,0,0,0,0,0,0,0,,,,2304400,Fortaleza,23,CE,0,0,0,0,2d22ac1d42e6187f09ee6c578df187a760123ccf,2d22ac1d42e6187f09ee6c578df187a760123ccf,2d22ac1d42e6187f09ee6c578df187a760123ccf,2d22ac1d42e6187f09ee6c578df187a760123ccf,,,,,,,,,1,,,,,,,,,,,,C,D,A,D,3,B,A,B,C,A,A,B,A,A,A,B,A,A,B,A,A,A,B,B,B,B,G,D,5,5,5,5,5,5,5,5,5,5,5,5,,A,A,A,A,A,C,D,C,C
57,9061a9d12293f7a706455370a3c7db1093a86775,2016,1506807,Santarém,15,PA,20,M,0,3,1,1506807,Santarém,15,PA,1,1,1,,0,,,,,,,,,0,0,0,0,0,0,0,0,0,0,0,0,0,0,0,0,0,0,0,0,0,0,0,0,0,0,0,0,0,0,0,0,0,0,0,0,0,0,0,0,0,0,0,0,0,0,0,0,0,0,0,0,0,,,,1506807,Santarém,15,PA,1,1,1,1,c8328ebc6f3238e06076c481bc1b82b8301e7a3f,f48d390ab6a2428e659c37fb8a9d00afde621889,5aebe5cad7fabc1545ac7fba07a4e6177f98483c,767a32545304ed293242d528f54d4edb1369f910,384.5,512.4,527.4,371.8,DDAECEAECCBDDBDCCAAABDCCEACBCDEBACBCBEBCBDDCB,ACDCEACEAEBCCCACACADACBAAEEEDECCCDABCEEACDECE,99999ABBCCAACCABBCECAEAEAABCCDACEAECAACCDCBABCCACC,ACCCAAEBEDBCCCDBEDEAADECCCACDBCBCCDECADCBAEDA,1,DBDCCACADBADBCABDEBEECECDDBCADCCBEBBEDBEAEACA,EEBCBCEDDBDDACCCBCADADBAADEDDADCECAECBBBADCEC,EECDABBECCDAAECBBCBDABBAAEEBBDCBADEBABEADCECEBCABD,CCEEBCCEBAABDDECADCEECDBCBDBECBADDACEAABDBDAD,1,120,120,120,100,100,560,C,D,F,F,5,B,A,B,C,A,A,B,A,B,A,A,A,A,B,A,A,C,A,A,A,B,D,A,5,5,5,5,5,5,5,4,5,5,5,5,,A,A,A,A,A,A,A,A,A
58,74106591d629e3d8bae3a811a6340f7e31f56ff0,2016,2203701,Esperantina,22,PI,19,F,1,3,1,2211001,Teresina,22,PI,3,0,1,,0,,,,,,,,,0,0,0,0,0,0,0,0,0,0,0,0,0,0,0,0,0,0,0,0,0,0,0,0,0,0,0,0,0,0,0,0,0,0,0,0,0,0,0,0,0,0,0,0,0,0,0,0,0,0,0,0,0,,,,2203701,Esperantina,22,PI,1,1,1,1,c8328ebc6f3238e06076c481bc1b82b8301e7a3f,f48d390ab6a2428e659c37fb8a9d00afde621889,01af53cd161a420fff1767129c10de560cc264dd,97caab1e1533dba217deb7ef41490f52e459ab01,419.9,467.9,387.4,378.7,ACDAAECDEACBAACEDADCBEDBCACECDAECAACEEDDCDAAE,ADDBCEEAADECDCAEAACEEDBAADCBCCCDEDABCCEABBAEC,99999EAAAAEABEDECCDEABDEACBDACABEACCBAECADECEAEDAE,AABDABBCADCCABEAACDEDAAEEAEEACBADDAAEECECCEAC,1,DBDCCACADBADBCABDEBEECECDDBCADCCBEBBEDBEAEACA,EEBCBCEDDBDDACCCBCADADBAADEDDADCECAECBBBADCEC,CEDEACCBEBDBABECABDADEADCEDCBEBBCEBAAEBAAECBBCBDAB,DADCCECBDECADCBACDBCEEABDDAABDBCEADDBECEBAEBC,1,140,120,120,120,100,600,H,C,F,B,2,A,A,B,B,A,B,B,A,A,A,A,A,A,B,B,A,B,A,A,A,A,,,,,,,,5,5,0,5,5,3,5,,A,A,B,B,C,A,A,C,A
59,2c28ebcabc43052f3029141fa6bec9bdef65dae6,2016,3525508,Joanópolis,35,SP,18,F,0,1,1,3538600,Piracaia,35,SP,1,1,1,,0,,,,,,,,,0,0,0,0,0,0,0,0,0,0,0,0,0,0,0,0,0,0,0,0,0,0,0,0,0,0,0,0,0,0,0,0,0,0,0,0,0,0,0,0,0,0,0,0,0,0,0,0,0,0,0,0,0,,,,3504107,Atibaia,35,SP,1,1,1,1,66b1dad288e13be0992bae01e81f71eca1c6e8a6,942ab3dc020af4cf53740b6b07e9dd7060b24164,01abbb7f1a90505385f44eec9905f82ca2a42cfd,81d0ee00ef42a7c23eb04496458c03d4c5b9c31a,460.9,468,516.4,468.5,EDDEBAEACACCADDDCAEBABAACBBBACEACCBDDAADAADCA,BAEDDDACEADAACDBEADCBADCBAECDCABAADDBABAABEAD,DAEDA99999CBBAADDDDDDAAEBEEAECAAAEADBDACEDEBABAADA,CCCDABAECCCACEDAEBEACEABEDAEACADBCDCBDAAAEADC,0,EADBDCCBADBEBCEBCABDEBEEBECADDBEACACDDBCADCCA,EDDBDDACDCEDDACBBBCBCDCECADBEEBAAADECAECCBCAD,EDECACCBBEDEBBBDABCBBCCEBADCEBAAEAAEDCBCABDBABEADE,CEECDBDADEBCCEBABECEACBDABDBDDABDDECADCCEACBA,1,140,140,120,120,120,640,B,D,A,B,4,B,A,B,C,A,A,B,A,A,A,A,A,A,B,B,A,B,A,A,A,B,D,A,4,0,0,2,1,5,5,4,5,4,5,5,,A,A,A,A,A,A,A,A,A
60,ccb11e219efb77f2d1f773e490e18204b743c531,2016,4209102,Joinville,42,SC,25,M,0,3,1,4207908,Irineópolis,42,SC,1,3,1,,0,,,,,,,,,0,0,0,0,0,0,0,0,0,0,0,0,0,0,0,0,0,0,0,0,0,0,0,0,0,0,0,0,0,0,0,0,0,0,0,0,0,0,0,0,0,0,0,0,0,0,0,0,0,0,0,0,0,,,,4209102,Joinville,42,SC,0,0,0,0,2d22ac1d42e6187f09ee6c578df187a760123ccf,2d22ac1d42e6187f09ee6c578df187a760123ccf,2d22ac1d42e6187f09ee6c578df187a760123ccf,2d22ac1d42e6187f09ee6c578df187a760123ccf,,,,,,,,,1,,,,,,,,,,,,D,D,A,F,1,C,A,B,B,A,A,B,A,A,A,A,A,A,B,A,A,A,A,B,B,C,F,E,4,0,5,5,5,5,5,5,5,5,3,5,5,C,A,A,B,A,B,A,B,D
61,b7c29a61f67a7b11a811dd41db7f6cc18cee1082,2016,4106902,Curitiba,41,PR,19,F,0,1,1,4106902,Curitiba,41,PR,1,1,1,,0,,,,,,,,,0,0,0,0,0,0,0,0,0,0,0,0,0,0,0,0,0,0,0,0,0,0,0,0,0,0,0,0,0,0,0,0,0,0,0,0,0,0,0,0,0,0,0,0,0,0,0,0,0,0,0,0,0,,,,4106902,Curitiba,41,PR,1,1,1,1,66b1dad288e13be0992bae01e81f71eca1c6e8a6,942ab3dc020af4cf53740b6b07e9dd7060b24164,5aebe5cad7fabc1545ac7fba07a4e6177f98483c,767a32545304ed293242d528f54d4edb1369f910,596.2,610.4,562.7,728.3,ECBCDACEBBAECCEACABCABEEDDCEDDBAEADADCDBADBEB,EDECDDACACEDDACABBBECDAEDACBAEBDADCBAEBCEBAAD,EDDDA99999ECAECEBBCDAEBAACEDAEDBACECCABDEEABDDCADC,CCAECBCDBABABDEEADCBEECBCCDEABCCDCABEDCBADDAD,0,EADBDCCBADBEBCEBCABDEBEEBECADDBEACACDDBCADCCA,EDDBDDACDCEDDACBBBCBCDCECADBEEBAAADECAECCBCAD,EECDABBECCDAAECBBCBDABBAAEEBBDCBADEBABEADCECEBCABD,CCEEBCCEBAABDDECADCEECDBCBDBECBADDACEAABDBDAD,1,140,160,160,160,160,780,G,F,E,D,3,I,A,E,D,B,A,B,B,B,A,B,B,B,D,A,B,D,B,B,B,A,,,,,,,,5,5,3,1,5,5,5,,C,A,A,B,A,D,A,A,A
62,546520198f2a8f443f61687181896c7a91614265,2016,5208608,Goianésia,52,GO,17,M,0,3,1,5201702,Aragarças,52,GO,2,0,2,1,0,52015807,5208608,Goianésia,52,GO,2,1,1,0,0,0,0,0,0,0,0,0,0,0,0,0,0,0,0,0,0,0,0,0,0,0,0,0,0,0,0,0,0,0,0,0,0,0,0,0,0,0,0,0,0,0,0,0,0,0,0,0,0,0,0,0,,,,5208608,Goianésia,52,GO,1,1,1,1,66b1dad288e13be0992bae01e81f71eca1c6e8a6,942ab3dc020af4cf53740b6b07e9dd7060b24164,72f80e4b3150c627c7ffc93cfe0fa13a9989b610,577f8968d95046f5eb5cc158608e12fa9ba34c85,443.8,470.9,503.5,434.2,EECCCDDABBBCADEBDCBEAEDABCABCDEADBCBBEDBACBBB,BDEACDEBEEEAEBDABBDEACDBECACDCCEABDDEABBDCBAA,99999BBCBBCABEDEACAAEEECDDDABEBBACCBEACDDDDCEBACCC,DEBCABEADBDDBDACCCCABEBDACEDDBACBEDDDACEBDCCC,1,EADBDCCBADBEBCEBCABDEBEEBECADDBEACACDDBCADCCA,EDDBDDACDCEDDACBBBCBCDCECADBEEBAAADECAECCBCAD,DECEACCEBBDADEBABEAAEDCBCABDCEBADCEBAAECBBCBDABEBB,CBAACCEABDDCDBDDCEAECADBECEBACBDABDBEBCDADCEE,1,80,80,40,80,80,360,E,E,C,D,5,D,A,B,D,B,A,B,B,A,A,A,A,A,B,B,A,E,A,A,A,B,D,D,5,3,2,3,1,5,5,3,5,1,5,5,,A,A,A,A,B,A,A,C,A
63,00fad6ffd37a5fcd02b67623b5141406caf0ffc0,2016,2310902,Piquet Carneiro,23,CE,16,F,0,1,1,2308500,Mombaça,23,CE,3,0,1,,1,,,,,,,,,0,0,0,0,0,0,0,0,0,0,0,0,0,0,0,0,0,0,0,0,0,0,0,0,0,0,0,0,0,0,0,0,0,0,0,0,0,0,0,0,0,0,0,0,0,0,0,0,0,0,0,0,0,,,,2308500,Mombaça,23,CE,1,1,1,1,16f84b7b3d2aeaff7d2f01297e6b3d0e25c77bb2,9cd70f1b922e02bd33453b3f607f5a644fb9b1b8,72f80e4b3150c627c7ffc93cfe0fa13a9989b610,577f8968d95046f5eb5cc158608e12fa9ba34c85,493.5,504.1,431.9,414.1,EDABCDEDBACDBDDDDABCCCCEEDCEBEDBDAADEAECCABDB,BCDECBDCDDCACBDCCABDCCEBDABEABDCDAECBCDCDADBD,99999EDBDDDEACDEBDABDDAECECBECEDDDADEEDEDECCCDBBEC,BCEBDCDDBCEBDDCABDADBCBDCEDBBDDCBADEBDCDBDBDC,1,BCADBCEDCCBADBDCADBEBDBEADCCAEACDBEDBCACAEBEE,BCBCCADCCBEDDBEEADBDCECCBBECAEEDDADCDDACAADBA,DECEACCEBBDADEBABEAAEDCBCABDCEBADCEBAAECBBCBDABEBB,CBAACCEABDDCDBDDCEAECADBECEBACBDABDBEBCDADCEE,1,120,100,80,120,80,500,C,C,A,A,4,B,A,B,B,A,A,B,A,A,A,A,A,A,B,A,A,B,A,A,A,A,,,,,,,,5,5,0,5,5,5,5,,A,A,A,A,C,A,A,A,A
64,3d45dffbb8f5c2535e2b46228dde95f0c5a4bc00,2016,3304557,Rio de Janeiro,33,RJ,18,M,0,2,1,3304557,Rio de Janeiro,33,RJ,3,0,1,,0,,,,,,,,,0,0,0,0,0,0,0,0,0,0,0,0,0,0,0,0,0,0,0,0,0,0,0,0,0,0,0,0,0,0,0,0,0,0,0,0,0,0,0,0,0,0,0,0,0,0,0,0,0,0,0,0,1,SECRETARIA ESTADUAL - RJ,33,RJ,3304557,Rio de Janeiro,33,RJ,1,1,1,1,c8328ebc6f3238e06076c481bc1b82b8301e7a3f,f48d390ab6a2428e659c37fb8a9d00afde621889,5aebe5cad7fabc1545ac7fba07a4e6177f98483c,767a32545304ed293242d528f54d4edb1369f910,482.2,590.8,604.4,457.8,DDCBDDCDBBABAADCCBBAABBDCDDCABDCDAEBADDDEAABE,EBECBCEDDDCCDAACEEBDADCABDECDBCDCCADABBBADBED,EDCDA99999AAADCDBCCCABABDEBBEEEECBABABEADAEDEBCDAD,EBBBCCADCCBABDBBDCCCCDABCCDBBDCBBDDCDBCACCABB,0,DBDCCACADBADBCABDEBEECECDDBCADCCBEBBEDBEAEACA,EEBCBCEDDBDDACCCBCADADBAADEDDADCECAECBBBADCEC,EECDABBECCDAAECBBCBDABBAAEEBBDCBADEBABEADCECEBCABD,CCEEBCCEBAABDDECADCEECDBCBDBECBADDACEAABDBDAD,1,120,60,40,80,60,360,H,D,F,C,2,D,A,B,C,A,A,B,A,B,A,B,A,A,B,B,A,C,A,B,B,A,,,,,,,,5,5,3,4,1,0,4,,A,A,A,B,C,A,A,A,B
65,79596e863089f8b7f26b24ea161920750fb9ad98,2016,5002704,Campo Grande,50,MS,27,F,1,2,1,5002704,Campo Grande,50,MS,3,0,1,,0,,,,,,,,,0,0,0,0,0,0,0,0,0,0,0,0,0,0,0,0,0,0,0,0,0,0,0,0,0,0,0,0,0,0,0,0,0,0,0,0,0,0,0,0,0,0,0,0,0,0,0,0,0,0,0,0,1,INSTITUTO FEDERAL DE EDUCAÇÃO CIÊNCIA E TECNOLOGIA DE MATO GROSSO DO SUL,50,MS,5002704,Campo Grande,50,MS,0,0,0,0,2d22ac1d42e6187f09ee6c578df187a760123ccf,2d22ac1d42e6187f09ee6c578df187a760123ccf,2d22ac1d42e6187f09ee6c578df187a760123ccf,2d22ac1d42e6187f09ee6c578df187a760123ccf,,,,,,,,,0,,,,,,,,,,,,B,G,B,D,3,B,A,B,C,A,A,B,A,B,A,A,A,A,B,B,B,B,A,A,A,C,I,E,5,5,1,5,5,5,5,3,5,5,4,4,5,A,B,B,D,C,A,C,C,A
66,42c347cc2d5a972008ab3fef158bec426fc32d22,2016,1500800,Ananindeua,15,PA,16,F,0,3,1,1501402,Belém,15,PA,2,0,3,1,0,15165809,1504422,Marituba,15,PA,4,1,1,0,0,0,0,0,0,0,0,0,0,0,0,0,0,0,0,0,0,0,0,0,0,0,0,0,0,0,0,0,0,0,0,0,0,0,0,0,0,0,0,0,0,0,0,0,0,0,0,0,0,0,0,0,,,,1500800,Ananindeua,15,PA,1,1,1,1,c8328ebc6f3238e06076c481bc1b82b8301e7a3f,f48d390ab6a2428e659c37fb8a9d00afde621889,5aebe5cad7fabc1545ac7fba07a4e6177f98483c,767a32545304ed293242d528f54d4edb1369f910,446,518.9,530.2,370.8,BCCAAABECDDAACABBBBAADDCAADEADDCCABDAADDCDDBD,CCBCEDBEDEBDACCBDAAAAEBABBACDAEBACADBBBABDDCE,99999ACBBCAAABEAEDCAABADACBBBAAEAADAEBDCEEABEDDABD,BCABCCBDBCECCBADADDDACBDDDBCCCDEBEBCCDACDECDB,1,DBDCCACADBADBCABDEBEECECDDBCADCCBEBBEDBEAEACA,EEBCBCEDDBDDACCCBCADADBAADEDDADCECAECBBBADCEC,EECDABBECCDAAECBBCBDABBAAEEBBDCBADEBABEADCECEBCABD,CCEEBCCEBAABDDECADCEECDBCBDBECBADDACEAABDBDAD,1,140,140,120,120,120,640,E,E,D,B,5,G,A,B,D,B,A,B,B,B,A,A,A,A,B,B,A,D,B,B,B,A,,,,,,,,5,4,4,4,3,3,4,,B,A,A,A,B,D,A,A,A
67,1184e759ab3abac459311e19e2d4f1773bf1bd41,2016,3303500,Nova Iguaçu,33,RJ,16,F,0,2,1,3304557,Rio de Janeiro,33,RJ,3,0,1,,1,,,,,,,,,0,0,0,0,0,0,0,0,0,0,0,0,0,0,0,0,0,0,0,0,0,0,0,0,0,0,0,0,0,0,0,0,0,0,0,0,0,0,0,0,0,0,0,0,0,0,0,0,0,0,0,0,0,,,,3305554,Seropédica,33,RJ,1,1,1,1,16f84b7b3d2aeaff7d2f01297e6b3d0e25c77bb2,9cd70f1b922e02bd33453b3f607f5a644fb9b1b8,01abbb7f1a90505385f44eec9905f82ca2a42cfd,81d0ee00ef42a7c23eb04496458c03d4c5b9c31a,437.3,449.1,521.7,412.4,AADAAEDDCDCACCCAEBBCDAEEECECDDADCBAEDEAECAEAA,ECBCBBDCCBDACDACCDBDEEEBDECEABACAEEABEBEBDBBA,AEDCA99999DDDAEECECDDEBACBDDEEEAAECBDADEAADBCBBAAE,ECADDDDABCADCBEECDDCACBAABCCBAEDBCDDDBDEADABE,0,BCADBCEDCCBADBDCADBEBDBEADCCAEACDBEDBCACAEBEE,BCBCCADCCBEDDBEEADBDCECCBBECAEEDDADCDDACAADBA,EDECACCBBEDEBBBDABCBBCCEBADCEBAAEAAEDCBCABDBABEADE,CEECDBDADEBCCEBABECEACBDABDBDDABDDECADCCEACBA,1,120,120,80,120,60,500,B,D,C,F,4,D,A,C,C,B,A,B,B,B,A,A,A,B,B,B,A,E,B,B,B,A,,,,,,,,5,5,5,5,5,5,5,,A,A,A,A,C,A,A,A,A
68,f102d2cce60240d7c8cc8dcd7e819b81ed724c14,2016,3303500,Nova Iguaçu,33,RJ,20,F,0,3,1,3304557,Rio de Janeiro,33,RJ,3,0,1,,0,,,,,,,,,0,0,0,0,0,0,0,0,0,0,0,0,0,0,0,0,0,0,0,0,0,0,0,0,0,0,0,0,0,0,0,0,0,0,0,0,0,0,0,0,0,0,0,0,0,0,0,0,0,0,0,0,1,INSTITUTO FEDERAL DE EDUCAÇÃO CIÊNCIA E TECNOLOGIA DO RIO DE JANEIRO,33,RJ,3304557,Rio de Janeiro,33,RJ,0,0,0,0,2d22ac1d42e6187f09ee6c578df187a760123ccf,2d22ac1d42e6187f09ee6c578df187a760123ccf,2d22ac1d42e6187f09ee6c578df187a760123ccf,2d22ac1d42e6187f09ee6c578df187a760123ccf,,,,,,,,,1,,,,,,,,,,,,B,E,C,D,3,B,A,B,B,A,A,B,A,B,A,A,A,A,B,B,B,D,A,A,A,A,,,,,,,,5,5,3,5,2,5,5,,C,C,A,B,B,D,D,A,C
69,d11f15d217391ddc98d0007cabc4c21f9438b55b,2016,3545209,Salto,35,SP,17,F,0,2,1,3545209,Salto,35,SP,2,0,2,1,0,35905276,3545209,Salto,35,SP,2,1,1,0,0,0,0,0,0,0,0,0,0,0,0,0,0,0,0,0,0,0,0,0,0,0,0,0,0,0,0,0,0,0,0,0,0,0,0,0,0,0,0,0,0,0,0,0,0,0,0,0,0,0,0,0,,,,3545209,Salto,35,SP,1,1,1,1,c8328ebc6f3238e06076c481bc1b82b8301e7a3f,f48d390ab6a2428e659c37fb8a9d00afde621889,5aebe5cad7fabc1545ac7fba07a4e6177f98483c,767a32545304ed293242d528f54d4edb1369f910,434.9,475.2,546.8,355.6,ADABDCCDBBDACCDDCEABAEDBEBAEABDDEADBAEDAEACBD,ACEADBADEABDDCCBECBDAACADBDAAEBCCAABECDBBBDCA,EDCAA99999AABACDDCADCEAEACEBAAECAEBEDBBCBEBCCADACA,ECBCEBADDECDCEAEBDEBCDACDBECACDACDCABDEDECDAC,0,DBDCCACADBADBCABDEBEECECDDBCADCCBEBBEDBEAEACA,EEBCBCEDDBDDACCCBCADADBAADEDDADCECAECBBBADCEC,EECDABBECCDAAECBBCBDABBAAEEBBDCBADEBABEADCECEBCABD,CCEEBCCEBAABDDECADCEECDBCBDBECBADDACEAABDBDAD,1,120,120,80,120,140,580,C,C,C,C,7,I,A,C,D,C,A,B,B,B,A,B,A,B,C,B,B,D,B,C,B,C,D,C,5,2,5,5,4,5,4,5,5,5,5,2,5,A,A,A,A,B,A,A,B,A
70,75863688688db57afb85d45f3a0f8359b4a3f256,2016,1600600,Santana,16,AP,23,M,1,3,1,1600303,Macapá,16,AP,1,5,1,,0,,,,,,,,,0,0,0,0,0,0,0,0,0,0,0,0,0,0,0,0,0,0,0,0,0,0,0,0,0,0,0,0,0,0,0,0,0,0,0,0,0,0,0,0,0,0,0,0,0,0,0,0,0,0,0,0,0,,,,1600600,Santana,16,AP,1,1,1,1,c8328ebc6f3238e06076c481bc1b82b8301e7a3f,f48d390ab6a2428e659c37fb8a9d00afde621889,72f80e4b3150c627c7ffc93cfe0fa13a9989b610,577f8968d95046f5eb5cc158608e12fa9ba34c85,438.4,441.4,507,401.6,ABEECBACDAEABDEBDAECADCACADEABDAEECCDBDEABCBD,AEDAEBDCAECBDCBBECDBACCACBEAECCDACEDEBAAEDCEB,99999DBEACEACEDABCACBDEADEEABCDDDACBCAACBADECCECAB,DCDEDCAECADBCECAEBDCEBCDBADBECADBDBAAEDDAADBA,1,DBDCCACADBADBCABDEBEECECDDBCADCCBEBBEDBEAEACA,EEBCBCEDDBDDACCCBCADADBAADEDDADCECAECBBBADCEC,DECEACCEBBDADEBABEAAEDCBCABDCEBADCEBAAECBBCBDABEBB,CBAACCEABDDCDBDDCEAECADBECEBACBDABDBEBCDADCEE,1,120,80,120,80,40,440,D,D,C,B,7,B,A,C,B,B,A,B,A,A,A,A,A,A,A,A,A,C,A,B,A,A,,,,,,,,5,4,4,5,5,3,5,,A,A,B,A,A,A,A,C,A
71,84d341e1ac9c010aa58f782766258ef3f097a6b7,2016,3529401,Mauá,35,SP,18,M,0,3,1,3529401,Mauá,35,SP,1,1,1,,0,,,,,,,,,0,0,0,0,0,0,0,0,0,0,0,0,0,0,0,0,0,0,0,0,0,0,0,0,0,0,0,0,0,0,0,0,0,0,0,0,0,0,0,0,0,0,0,0,0,0,0,0,0,0,0,0,0,,,,3529401,Mauá,35,SP,1,1,1,1,66b1dad288e13be0992bae01e81f71eca1c6e8a6,942ab3dc020af4cf53740b6b07e9dd7060b24164,01abbb7f1a90505385f44eec9905f82ca2a42cfd,81d0ee00ef42a7c23eb04496458c03d4c5b9c31a,367.1,526.4,532,492.8,ACADBCDEEACEBBAABDCBADABADBCBECABABDBDADEABDE,BDDABCADCBEADCABBACEADBCBBEAEBDACDAAECDABBCAD,ADEBA99999DBAECBDECDBECAADDCEBADADABAEBDADCACADEDA,CBACABDEDBDABCBDABCEDCDDBCBEBACDEADBEEDBCCAEB,0,EADBDCCBADBEBCEBCABDEBEEBECADDBEACACDDBCADCCA,EDDBDDACDCEDDACBBBCBCDCECADBEEBAAADECAECCBCAD,EDECACCBBEDEBBBDABCBBCCEBADCEBAAEAAEDCBCABDBABEADE,CEECDBDADEBCCEBABECEACBDABDBDDABDDECADCCEACBA,1,120,160,120,120,80,600,E,D,C,F,5,H,A,C,D,C,B,B,B,B,A,B,A,B,D,B,A,D,B,C,B,C,C,E,2,0,4,5,5,4,5,5,5,3,2,3,2,A,A,A,A,A,A,A,A,A
72,c0971b9328ab9ffaf2054856c98080d6070541ae,2016,3301009,Campos dos Goytacazes,33,RJ,22,F,1,2,1,3301009,Campos dos Goytacazes,33,RJ,1,3,1,,0,,,,,,,,,0,0,0,0,0,0,0,0,0,0,0,0,0,0,0,0,0,0,0,0,0,0,0,0,0,0,0,0,0,0,0,0,0,0,0,0,0,0,0,0,0,0,0,0,0,0,0,0,0,0,0,0,0,,,,3301009,Campos dos Goytacazes,33,RJ,1,1,1,1,16f84b7b3d2aeaff7d2f01297e6b3d0e25c77bb2,9cd70f1b922e02bd33453b3f607f5a644fb9b1b8,01af53cd161a420fff1767129c10de560cc264dd,97caab1e1533dba217deb7ef41490f52e459ab01,393.9,492.3,517.3,407.6,DDDEACCBABECDBCADBCBEBDACDEECBBBDABDEABABADCA,ADECAABEEAEDBEDCCABDEDBBDBAABBDEDADEACACBCDEB,99999AEBECEDEBEDAADAEBCECABACBEBADDAAEEEACDBEEDADB,DEBDAADACDCBBEEEEDECDCDBAECBABABAABDDBBDCECAE,1,BCADBCEDCCBADBDCADBEBDBEADCCAEACDBEDBCACAEBEE,BCBCCADCCBEDDBEEADBDCECCBBECAEEDDADCDDACAADBA,CEDEACCBEBDBABECABDADEADCEDCBEBBCEBAAEBAAECBBCBDAB,DADCCECBDECADCBACDBCEEABDDAABDBCEADDBECEBAEBC,1,120,80,60,100,60,420,C,E,C,D,4,C,A,B,C,A,B,B,A,B,A,B,A,A,B,A,A,D,A,B,B,B,G,E,5,0,5,5,5,5,5,5,5,4,4,5,,A,A,A,B,A,A,B,B,A
73,a10aff56c82f1bcb0a43c0aca5061901f21a4dac,2016,5204508,Caldas Novas,52,GO,16,F,0,1,1,5204508,Caldas Novas,52,GO,3,0,1,,1,,,,,,,,,0,0,0,0,0,0,0,0,0,0,0,0,0,0,0,0,0,0,0,0,0,0,0,0,0,0,0,0,0,0,0,0,0,0,0,0,0,0,0,0,0,0,0,0,0,0,0,0,0,0,0,0,0,,,,5204508,Caldas Novas,52,GO,1,1,1,1,66b1dad288e13be0992bae01e81f71eca1c6e8a6,942ab3dc020af4cf53740b6b07e9dd7060b24164,72f80e4b3150c627c7ffc93cfe0fa13a9989b610,577f8968d95046f5eb5cc158608e12fa9ba34c85,414.3,534,524.5,513,DEDAEDCEEABDDDDADBEEEECCEAADBADEEAAEEAABAAACC,EDADDDCEECDCECBABAAAAAEEEADAAABAACDCEACECDEBD,99999ACACAAAEEEBBBAAAEACCABDABCDDDAEBDADDDAAACADBD,BEBCECACDADEEBBBADACDAAAECBBADBBCEAABCAACBCBE,1,EADBDCCBADBEBCEBCABDEBEEBECADDBEACACDDBCADCCA,EDDBDDACDCEDDACBBBCBCDCECADBEEBAAADECAECCBCAD,DECEACCEBBDADEBABEAAEDCBCABDCEBADCEBAAECBBCBDABEBB,CBAACCEABDDCDBDDCEAECADBECEBACBDABDBEBCDADCEE,1,120,120,120,140,100,600,C,C,C,B,4,H,A,C,D,B,A,B,A,B,A,B,A,A,B,B,A,D,B,B,B,A,,,,,,,,5,5,5,5,5,4,5,,D,A,A,A,C,D,A,A,A
74,a6905d20876982ff0006a442533a58cbb39da4c5,2016,1506807,Santarém,15,PA,27,M,0,3,1,1506807,Santarém,15,PA,1,9,1,,0,,,,,,,,,0,0,0,0,0,0,0,0,0,0,0,0,0,0,0,0,0,0,0,0,0,0,0,0,0,0,0,0,0,0,0,0,0,0,0,0,0,0,0,0,0,0,0,0,0,0,0,0,0,0,0,0,0,,,,1506807,Santarém,15,PA,1,1,1,1,16f84b7b3d2aeaff7d2f01297e6b3d0e25c77bb2,9cd70f1b922e02bd33453b3f607f5a644fb9b1b8,72f80e4b3150c627c7ffc93cfe0fa13a9989b610,577f8968d95046f5eb5cc158608e12fa9ba34c85,477.9,484.2,489.7,604.9,ABDBBAEECDBADEBCBCAEDBEABDDCEDBEDABDCBAEBADAB,BCDBEBDCCABDAEDBADDCADEBDBCCABAEECBADCAADEDAD,99999CCDBECABDCCBBCAABCCDDCDACEBCAEAECABCBDABDBBCE,EBDDACEEECEEDBACECCDAEBDACBEABADDEBCBBAEEDCAE,1,BCADBCEDCCBADBDCADBEBDBEADCCAEACDBEDBCACAEBEE,BCBCCADCCBEDDBEEADBDCECCBBECAEEDDADCDDACAADBA,DECEACCEBBDADEBABEAAEDCBCABDCEBADCEBAAECBBCBDABEBB,CBAACCEABDDCDBDDCEAECADBECEBACBDABDBEBCDADCEE,1,140,100,80,100,80,500,C,D,D,D,4,D,A,C,C,B,B,B,A,A,A,A,A,A,C,A,B,C,B,A,A,B,F,E,5,4,5,4,5,5,5,5,5,5,5,5,,A,A,A,A,A,A,A,B,B
75,48e9256e4da87667fae37924792e56e197a4dd88,2016,3106705,Betim,31,MG,37,F,1,1,1,1302603,Manaus,13,AM,1,10,1,,0,,,,,,,,,0,0,0,0,0,0,0,0,0,0,0,0,0,0,0,0,0,0,0,0,0,0,0,0,0,0,0,0,0,0,0,0,0,0,0,0,0,0,0,0,0,0,0,0,0,0,0,0,0,0,0,0,0,,,,3106705,Betim,31,MG,1,1,1,1,b9b06ce8c319a3df2158ea3d0aef0f7d3eecaed7,909237ab0d84688e10c0470e2997348aff585273,01af53cd161a420fff1767129c10de560cc264dd,97caab1e1533dba217deb7ef41490f52e459ab01,494.1,587.5,546.6,495.3,EBCABBADBEDAACDCDADCBCCBCACDCACABDEBDCBDDEDCA,DCDABDAAECBBDAABACECDBCCDDDBCEBDCBCCCAEABEBEE,99999EAEBBEBBBBDADBCEBDDAEEDCEBBECAAABBCDCCBECACDB,CADBACCDADCBEACBEBDCDBADBCBECADCDCBADBCBEDBBE,1,EBEECADBCABECDDBEADCCABDEABEBCADBADDCCCEDBBCA,DCECBAAADCBBECAEDCEDDACCBDDACEDDBADBCADBCBCEE,CEDEACCBEBDBABECABDADEADCEDCBEBBCEBAAEBAAECBBCBDAB,DADCCECBDECADCBACDBCEEABDDAABDBCEADDBECEBAEBC,1,120,120,120,80,100,540,E,C,C,B,4,G,A,B,C,B,A,B,A,B,A,B,A,A,B,B,A,C,B,B,B,B,H,A,5,3,5,5,5,2,5,5,5,5,2,5,,B,A,B,A,A,A,A,A,A
76,ad810c209e89e9b5e2080eefead70a0f0027c30c,2016,2313609,Ubajara,23,CE,17,M,0,3,1,2313609,Ubajara,23,CE,2,0,2,1,0,23013125,2313609,Ubajara,23,CE,2,1,1,0,0,0,0,0,0,0,0,0,0,0,0,0,0,0,0,0,0,0,0,0,0,0,0,0,0,0,0,0,0,0,0,0,0,0,0,0,0,0,0,0,0,0,0,0,0,0,0,0,0,0,0,0,,,,2313609,Ubajara,23,CE,1,1,1,1,c8328ebc6f3238e06076c481bc1b82b8301e7a3f,f48d390ab6a2428e659c37fb8a9d00afde621889,72f80e4b3150c627c7ffc93cfe0fa13a9989b610,577f8968d95046f5eb5cc158608e12fa9ba34c85,391.1,570.4,511.2,397.3,DEABCDBEDACBEBDCBBDAABECDBBBBDCBDECDAEDCCDAED,AEACBBEDEAECABDCCAACADCADEECDBEBABADCCEAACCEA,99999CDCCDCCBBDBBBAACEACDDABECDCBCEDEACCABBCACCBBE,BDEBDBBDCDDDEBAABCADDCBAEBDEBEBBDCEBBCEBEDBAA,1,DBDCCACADBADBCABDEBEECECDDBCADCCBEBBEDBEAEACA,EEBCBCEDDBDDACCCBCADADBAADEDDADCECAECBBBADCEC,DECEACCEBBDADEBABEAAEDCBCABDCEBADCEBAAECBBCBDABEBB,CBAACCEABDDCDBDDCEAECADBECEBACBDABDBEBCDADCEE,1,100,40,80,80,60,360,H,C,B,A,6,B,A,B,D,A,A,A,A,A,A,A,A,A,B,B,A,A,A,A,A,A,,,,,,,,5,5,2,5,5,5,5,,A,A,A,A,B,A,A,A,A
77,b77d99ff8ee7781a40175b2e1e4dc011e63f1920,2016,3303856,Paty do Alferes,33,RJ,18,F,0,1,1,3302908,Miguel Pereira,33,RJ,2,0,2,1,0,33039402,3303856,Paty do Alferes,33,RJ,2,1,1,0,0,0,0,0,0,0,0,0,0,0,0,0,0,0,0,0,0,0,0,0,0,0,0,0,0,0,0,0,0,0,0,0,0,0,0,0,0,0,0,0,0,0,0,0,0,0,0,0,0,0,0,0,,,,3302908,Miguel Pereira,33,RJ,1,1,1,1,66b1dad288e13be0992bae01e81f71eca1c6e8a6,942ab3dc020af4cf53740b6b07e9dd7060b24164,01af53cd161a420fff1767129c10de560cc264dd,97caab1e1533dba217deb7ef41490f52e459ab01,405.7,476.4,464.7,344.1,DEACCDBBADCDEDCEBCCBBDCADBDADBACCDAABEADCBDCA,BBCDBEAECBDEDCEBBECBCEBEBADCDCBBEDBCEAABDDCAB,99999EBA*ADCEADBACCADDDEDBEEBDCAADCAADCECEBBBECEEA,BECCDBBAAADDECAECBEBBCCCEECADBBEBEABCDBEADBDA,1,EADBDCCBADBEBCEBCABDEBEEBECADDBEACACDDBCADCCA,EDDBDDACDCEDDACBBBCBCDCECADBEEBAAADECAECCBCAD,CEDEACCBEBDBABECABDADEADCEDCBEBBCEBAAEBAAECBBCBDAB,DADCCECBDECADCBACDBCEEABDDAABDBCEADDBECEBAEBC,1,100,100,80,80,40,400,B,E,A,B,3,D,A,B,C,B,B,D,A,B,A,A,A,A,C,B,A,D,A,A,A,A,,,,,,,,5,5,5,5,5,0,5,,A,A,A,A,B,A,A,A,A
78,231c9a3c08249643f87ed59301e84e7605b2176f,2016,2307650,Maracanaú,23,CE,17,M,0,3,1,2307650,Maracanaú,23,CE,2,0,2,1,0,23079495,2307650,Maracanaú,23,CE,2,1,1,0,0,0,0,0,0,0,0,0,0,0,0,0,0,0,0,0,0,0,0,0,0,0,0,0,0,0,0,0,0,0,0,0,0,0,0,0,0,0,0,0,0,0,0,0,0,0,0,0,0,0,0,0,,,,2307650,Maracanaú,23,CE,1,1,1,1,b9b06ce8c319a3df2158ea3d0aef0f7d3eecaed7,909237ab0d84688e10c0470e2997348aff585273,72f80e4b3150c627c7ffc93cfe0fa13a9989b610,577f8968d95046f5eb5cc158608e12fa9ba34c85,443,521.8,526,397,EAAABCEBCCDAACACEAAECBCCBABCDAECBACEBBCCCCABD,CCAABBAADBBBCDACCCDAAAEEBDAADEBCDDCBCADCAABDB,99999ABDBAAABCBAECAACDDCDABDBDCEDAADEECEABDBBBAEAE,EEDCDDBDEDBAEEACCAABCABBEEAECBBBBCCCECEBCDACD,1,EBEECADBCABECDDBEADCCABDEABEBCADBADDCCCEDBBCA,DCECBAAADCBBECAEDCEDDACCBDDACEDDBADBCADBCBCEE,DECEACCEBBDADEBABEAAEDCBCABDCEBADCEBAAECBBCBDABEBB,CBAACCEABDDCDBDDCEAECADBECEBACBDABDBEBCDADCEE,1,120,100,120,120,80,540,E,E,C,C,4,B,A,B,C,A,A,B,A,A,A,A,A,A,B,B,A,C,A,A,A,A,,,,,,,,5,5,0,5,5,5,5,,A,A,A,A,B,A,A,A,A
79,dcdfc953208fe59ec5bd9288d5be4fa3300deb89,2016,3303203,Nilópolis,33,RJ,28,M,0,3,1,3305109,São João de Meriti,33,RJ,1,10,1,,0,,,,,,,,,0,0,0,0,0,0,0,0,0,0,0,0,0,0,0,0,0,0,0,0,0,0,0,0,0,0,0,0,0,0,0,0,0,0,0,0,0,0,0,0,0,0,0,0,0,0,0,0,0,0,0,0,0,,,,3303203,Nilópolis,33,RJ,0,0,0,0,2d22ac1d42e6187f09ee6c578df187a760123ccf,2d22ac1d42e6187f09ee6c578df187a760123ccf,2d22ac1d42e6187f09ee6c578df187a760123ccf,2d22ac1d42e6187f09ee6c578df187a760123ccf,,,,,,,,,0,,,,,,,,,,,,E,F,D,D,4,E,A,B,C,B,A,B,B,B,A,A,A,B,C,A,B,D,B,B,B,B,K,A,5,5,5,5,5,5,5,0,2,2,2,5,,C,A,A,A,A,D,A,A,B
80,4e1c0573b418b839469dab13754968982db53a10,2016,5102637,Campo Novo do Parecis,51,MT,23,F,0,4,1,2112308,Tuntum,21,MA,1,5,1,,0,,,,,,,,,0,0,0,0,0,0,0,0,0,0,0,0,0,0,0,0,0,0,0,0,0,0,0,0,0,0,0,0,0,0,0,0,0,0,0,0,0,0,0,0,0,0,0,0,0,0,0,0,0,0,0,0,0,,,,5102637,Campo Novo do Parecis,51,MT,0,0,0,0,2d22ac1d42e6187f09ee6c578df187a760123ccf,2d22ac1d42e6187f09ee6c578df187a760123ccf,2d22ac1d42e6187f09ee6c578df187a760123ccf,2d22ac1d42e6187f09ee6c578df187a760123ccf,,,,,,,,,1,,,,,,,,,,,,A,B,A,A,4,E,A,B,C,A,A,B,A,A,A,A,A,A,B,A,A,C,A,A,A,C,C,C,5,5,5,5,5,5,5,4,5,5,5,5,5,A,A,A,A,A,A,A,C,A
81,129d6daf0892c79c68c98ea20f8197645b21b221,2016,1718204,Porto Nacional,17,TO,18,F,0,3,1,1718204,Porto Nacional,17,TO,1,1,1,,0,,,,,,,,,0,0,0,0,0,0,0,0,0,0,0,0,0,0,0,0,0,0,0,0,0,0,0,0,0,0,0,0,0,0,0,0,0,0,0,0,0,0,0,0,0,0,0,0,0,0,0,0,0,0,0,0,0,,,,1718204,Porto Nacional,17,TO,1,1,1,1,66b1dad288e13be0992bae01e81f71eca1c6e8a6,942ab3dc020af4cf53740b6b07e9dd7060b24164,5aebe5cad7fabc1545ac7fba07a4e6177f98483c,767a32545304ed293242d528f54d4edb1369f910,444.3,509.1,530.1,488.3,CADADCDBDCCADCDEECBCEECBDACDBDCEBBEABDCBCCBCA,BDEBDEAAEAEAABEBDECEBDDEAEACAEABBCDBEABDCECDD,99999EEBABDAADCACCBBEDEDDDEBBAEBAEBEEABCAABEECACBD,CCEAADCBBEEACBDDAEDCEDDECECBDCCBADCBECAEBADDE,1,EADBDCCBADBEBCEBCABDEBEEBECADDBEACACDDBCADCCA,EDDBDDACDCEDDACBBBCBCDCECADBEEBAAADECAECCBCAD,EECDABBECCDAAECBBCBDABBAAEEBBDCBADEBABEADCECEBCABD,CCEEBCCEBAABDDECADCEECDBCBDBECBADDACEAABDBDAD,1,120,120,100,120,80,540,E,E,A,B,2,B,D,B,B,A,B,B,A,A,A,A,A,A,B,B,A,C,A,A,A,A,,,,,,,,5,4,5,5,3,5,5,,A,A,A,A,A,A,A,A,A
82,626eabd333cba14cb6c0c17b13cc2ab36f9070b4,2016,5005707,Naviraí,50,MS,22,M,,4,1,5005707,Naviraí,50,MS,4,0,1,,0,,,,,,,,,0,0,0,0,0,0,0,0,0,0,0,0,0,0,0,0,0,0,0,0,0,0,0,0,0,0,0,0,0,0,0,0,0,0,0,0,0,0,0,0,0,0,0,0,0,0,0,0,0,0,0,0,1,INSTITUTO FEDERAL DE EDUCAÇÃO CIÊNCIA E TECNOLOGIA DE MATO GROSSO DO SUL,50,MS,5005707,Naviraí,50,MS,0,0,0,0,2d22ac1d42e6187f09ee6c578df187a760123ccf,2d22ac1d42e6187f09ee6c578df187a760123ccf,2d22ac1d42e6187f09ee6c578df187a760123ccf,2d22ac1d42e6187f09ee6c578df187a760123ccf,,,,,,,,,0,,,,,,,,,,,,B,B,B,B,3,B,A,B,B,A,A,B,A,A,A,A,A,A,B,A,A,B,A,A,A,C,F,E,1,2,2,2,2,2,2,2,2,2,2,3,3,A,A,A,A,D,A,A,A,D
83,d1aba323399aba7434327ab725bbc2d5682316bf,2016,3115508,Caxambu,31,MG,37,F,2,3,1,3115508,Caxambu,31,MG,1,1,1,,0,,,,,,,,,0,0,0,0,0,0,0,0,0,0,0,0,0,0,0,0,0,0,0,0,0,0,0,0,0,0,0,0,0,0,0,0,0,0,0,0,0,0,0,0,0,0,0,0,0,0,0,0,0,0,0,0,0,,,,3115508,Caxambu,31,MG,1,1,1,1,c8328ebc6f3238e06076c481bc1b82b8301e7a3f,f48d390ab6a2428e659c37fb8a9d00afde621889,01af53cd161a420fff1767129c10de560cc264dd,97caab1e1533dba217deb7ef41490f52e459ab01,401.8,487.6,444.6,363.1,CAAEEADEABEEEBCBCABAAAABACCDEDBCDEECCBBACDCBD,DDAEEBBBEEDBDEDECCABACDCADAADACCDEAAACBAEBDEB,99999DEDDECEEBEEDDDA.BDBACBAEDEBDACCACADDAADECCEED,AEADBBDAAEDECBCDCBA*ACCEBEEDAAABCBECDCEDBCBBE,1,DBDCCACADBADBCABDEBEECECDDBCADCCBEBBEDBEAEACA,EEBCBCEDDBDDACCCBCADADBAADEDDADCECAECBBBADCEC,CEDEACCBEBDBABECABDADEADCEDCBEBBCEBAAEBAAECBBCBDAB,DADCCECBDECADCBACDBCEEABDDAABDBCEADDBECEBAEBC,1,100,100,100,120,140,560,B,C,C,B,1,B,A,B,B,A,A,B,A,B,A,B,A,A,B,B,A,B,A,B,B,C,A,D,5,5,5,5,5,5,5,5,5,5,5,5,5,A,B,C,C,A,A,C,C,A
84,6ce27caca885b1a612477f606ac8d4e98b90d8e5,2016,2503209,Cabedelo,25,PB,17,M,0,3,1,2507507,João Pessoa,25,PB,2,0,2,1,0,25091638,2503209,Cabedelo,25,PB,2,1,1,0,0,0,0,0,0,0,0,0,0,0,0,0,0,0,0,0,0,0,0,0,0,0,0,0,0,0,0,0,0,0,0,0,0,0,0,0,0,0,0,0,0,0,0,0,0,0,0,0,0,0,0,0,,,,2503209,Cabedelo,25,PB,0,0,0,0,2d22ac1d42e6187f09ee6c578df187a760123ccf,2d22ac1d42e6187f09ee6c578df187a760123ccf,2d22ac1d42e6187f09ee6c578df187a760123ccf,2d22ac1d42e6187f09ee6c578df187a760123ccf,,,,,,,,,0,,,,,,,,,,,,C,D,C,B,7,B,A,B,C,A,A,B,A,B,A,B,A,A,B,B,B,E,A,A,B,C,B,B,2,0,5,5,5,5,5,5,5,5,3,5,5,A,A,A,A,B,A,A,A,A
85,272ee225651d10cf558d114ce37c5189da942a62,2016,5300108,Brasília,53,DF,21,F,1,3,1,2203008,Cristalândia do Piauí,22,PI,1,3,1,,0,,,,,,,,,0,0,0,0,0,0,0,0,0,0,0,0,0,0,0,0,0,0,0,0,0,0,0,0,0,0,0,0,0,0,0,0,0,0,0,0,0,0,0,0,0,0,0,0,0,0,0,0,0,0,0,0,0,,,,5300108,Brasília,53,DF,1,1,1,1,16f84b7b3d2aeaff7d2f01297e6b3d0e25c77bb2,9cd70f1b922e02bd33453b3f607f5a644fb9b1b8,72f80e4b3150c627c7ffc93cfe0fa13a9989b610,577f8968d95046f5eb5cc158608e12fa9ba34c85,457,538.6,555.2,418,ECDADAEDECBBDDCBCBCDEADECDBCBADBADAAACBCAEDCA,BBBBDCEBDCEDADECAADEDEBDCBBAABEADAABBEBDABEBB,99999DBACDBBDEBDBBABBDCBDADDACCCDAECEEECCBDAEEEBBB,DCBCBACEDAACDBACDCDBEBCAADBCDDBABCBBBDCBECCAB,1,BCADBCEDCCBADBDCADBEBDBEADCCAEACDBEDBCACAEBEE,BCBCCADCCBEDDBEEADBDCECCBBECAEEDDADCDDACAADBA,DECEACCEBBDADEBABEAAEDCBCABDCEBADCEBAAECBBCBDABEBB,CBAACCEABDDCDBDDCEAECADBECEBACBDABDBEBCDADCEE,1,160,140,120,120,120,660,A,C,A,A,4,C,A,B,C,A,B,B,A,A,A,B,A,A,B,B,A,C,A,A,A,B,F,E,5,5,5,5,5,5,5,2,5,5,5,5,,A,A,A,A,A,A,A,A,A
86,4d288c96983da75bb8c3983063becbdb867ace89,2016,2208403,Piripiri,22,PI,32,M,1,3,1,2208403,Piripiri,22,PI,1,9,1,,0,,,,,,,,,0,0,0,0,0,0,0,0,0,0,0,0,0,0,0,0,0,0,0,0,0,0,0,0,0,0,0,0,0,0,0,0,0,0,0,0,0,0,0,0,0,0,0,0,0,0,0,0,0,0,0,0,0,,,,2208403,Piripiri,22,PI,1,1,1,1,b9b06ce8c319a3df2158ea3d0aef0f7d3eecaed7,909237ab0d84688e10c0470e2997348aff585273,01abbb7f1a90505385f44eec9905f82ca2a42cfd,81d0ee00ef42a7c23eb04496458c03d4c5b9c31a,475.7,547.4,483.5,503,EBAAADACEEDCBCECECDCDBABCEDDEDABEDDEBDEEBBAAA,DDCBADAAECEDCCEBECEADACEEDDEDDDDEEBACBAAEEBDE,DBEAC99999BEEDECADCBBCEEBCBADEEDCBCBACDCADAECBADBB,CDEDCEAADACBECBEBAEBCDACBDBEECBCAEACAEDCEDCDA,0,EBEECADBCABECDDBEADCCABDEABEBCADBADDCCCEDBBCA,DCECBAAADCBBECAEDCEDDACCBDDACEDDBADBCADBCBCEE,EDECACCBBEDEBBBDABCBBCCEBADCEBAAEAAEDCBCABDBABEADE,CEECDBDADEBCCEBABECEACBDABDBDDABDDECADCCEACBA,1,120,100,120,120,60,520,C,C,B,C,4,B,A,B,B,A,A,B,A,A,A,A,A,A,B,B,A,B,A,A,A,B,F,E,5,5,5,5,5,5,5,5,5,5,5,5,,A,A,A,B,A,A,A,B,C
87,247c20a9befc204fb261300c33ea0cef3f1d0b7d,2016,1709500,Gurupi,17,TO,17,F,0,3,1,1716604,Peixe,17,TO,2,0,2,1,0,17022819,1716604,Peixe,17,TO,2,1,1,0,0,0,0,0,0,0,0,0,0,0,0,0,0,0,0,0,0,0,0,0,0,0,0,0,0,0,0,0,0,0,0,0,0,0,0,0,0,0,0,0,0,0,0,0,0,0,0,0,0,0,0,0,,,,1709500,Gurupi,17,TO,1,1,1,1,b9b06ce8c319a3df2158ea3d0aef0f7d3eecaed7,909237ab0d84688e10c0470e2997348aff585273,01af53cd161a420fff1767129c10de560cc264dd,97caab1e1533dba217deb7ef41490f52e459ab01,459.2,505.6,456,507.8,BACABBBBBAABDCBDDAECCBCBEBEDACABCBACADBAAAABA,BAEBBBCADBBEADABCCBCDABDDACBABBDEACBDADEAACDA,AACCA99999AACECDDBAEECDDDDEEABBEBDCBAEABACBEBBACAA,DBDDCBABAABCAECABBBBCAEAACCBABAACCAABECBEACBE,0,EBEECADBCABECDDBEADCCABDEABEBCADBADDCCCEDBBCA,DCECBAAADCBBECAEDCEDDACCBDDACEDDBADBCADBCBCEE,CEDEACCBEBDBABECABDADEADCEDCBEBBCEBAAEBAAECBBCBDAB,DADCCECBDECADCBACDBCEEABDDAABDBCEADDBECEBAEBC,1,80,80,80,80,0,320,B,C,F,F,3,B,A,C,C,A,B,C,A,B,A,A,A,A,B,B,A,B,A,A,A,A,,,,,,,,5,5,5,5,5,5,4,,A,A,A,A,B,A,A,B,A
88,67a6a095cbc03868169ce24cd9f956d3b7d4d7de,2016,3201902,Domingos Martins,32,ES,38,F,1,1,1,3201902,Domingos Martins,32,ES,1,10,1,,0,,,,,,,,,0,0,0,0,0,0,0,0,0,0,0,0,0,0,0,0,0,0,0,0,0,0,0,0,0,0,0,0,0,0,0,0,0,0,0,0,0,0,0,0,0,0,0,0,0,0,0,0,0,0,0,0,0,,,,3201902,Domingos Martins,32,ES,0,0,0,0,2d22ac1d42e6187f09ee6c578df187a760123ccf,2d22ac1d42e6187f09ee6c578df187a760123ccf,2d22ac1d42e6187f09ee6c578df187a760123ccf,2d22ac1d42e6187f09ee6c578df187a760123ccf,,,,,,,,,0,,,,,,,,,,,,F,E,E,F,4,N,A,D,D,B,A,B,B,B,A,B,A,A,D,A,B,D,B,D,B,C,D,C,0,0,2,5,2,5,5,0,0,0,0,0,5,A,A,A,A,A,A,A,A,A
89,6169fb11c0c3d6cc7b51edc48b068f948389c40b,2016,2905701,Camaçari,29,BA,18,F,0,3,1,2927408,Salvador,29,BA,2,0,2,1,0,29175518,2905701,Camaçari,29,BA,2,1,1,0,0,0,0,0,0,0,0,0,0,0,0,0,0,0,0,0,0,0,0,0,0,0,0,0,0,0,0,0,0,0,0,0,0,0,0,0,0,0,0,0,0,0,0,0,0,0,0,0,0,0,0,0,,,,2905701,Camaçari,29,BA,1,1,1,1,c8328ebc6f3238e06076c481bc1b82b8301e7a3f,f48d390ab6a2428e659c37fb8a9d00afde621889,5aebe5cad7fabc1545ac7fba07a4e6177f98483c,767a32545304ed293242d528f54d4edb1369f910,382.4,368.3,482,392.4,BACADDBEACDBADCECAAABDDCEBACAAAEBDBEAAEACDDAC,ACACAEEBADBCBAAEDAABCABEEEAAAEDABCABAAEDBCECA,99999ABDEDEABACBDCBBADBECCBDBBACADBADDBCBAADADADBA,DDEBDADAACDCAAEDBEDCECCCCCEACECAEBECCAAABBDAA,1,DBDCCACADBADBCABDEBEECECDDBCADCCBEBBEDBEAEACA,EEBCBCEDDBDDACCCBCADADBAADEDDADCECAECBBBADCEC,EECDABBECCDAAECBBCBDABBAAEEBBDCBADEBABEADCECEBCABD,CCEEBCCEBAABDDECADCEECDBCBDBECBADDACEAABDBDAD,1,120,120,120,100,60,520,B,B,C,B,3,B,A,C,C,A,A,B,A,A,A,A,A,A,B,B,A,C,B,A,A,A,,,,,,,,4,5,3,3,4,1,5,,A,A,A,A,B,A,A,A,B
90,4ee9f9a4b868e701463ca030c0659e2e7935ffcf,2016,2507507,João Pessoa,25,PB,25,F,0,2,1,2507507,João Pessoa,25,PB,1,5,1,,0,,,,,,,,,0,0,0,0,0,0,0,0,0,0,0,0,0,0,0,0,0,0,0,0,0,0,0,0,0,0,0,0,0,0,0,0,0,0,0,0,0,0,0,0,0,0,0,0,0,0,0,0,0,0,0,0,0,,,,2507507,João Pessoa,25,PB,0,0,0,0,2d22ac1d42e6187f09ee6c578df187a760123ccf,2d22ac1d42e6187f09ee6c578df187a760123ccf,2d22ac1d42e6187f09ee6c578df187a760123ccf,2d22ac1d42e6187f09ee6c578df187a760123ccf,,,,,,,,,1,,,,,,,,,,,,B,C,B,B,4,B,A,B,B,A,A,B,B,A,A,A,A,A,B,B,A,B,A,A,A,C,G,E,0,5,5,5,3,5,5,2,5,2,5,5,5,A,A,A,A,A,A,B,B,D
91,bad54913c91cb3f2993dea3652a90be28570a247,2016,5107602,Rondonópolis,51,MT,30,F,0,1,1,5107602,Rondonópolis,51,MT,1,10,1,,0,,,,,,,,,0,0,0,0,0,0,0,0,0,0,0,0,0,0,0,0,0,0,0,0,0,0,0,0,0,0,0,0,0,0,0,0,0,0,0,0,0,0,0,0,0,0,0,0,0,0,0,0,0,0,0,0,0,,,,5107602,Rondonópolis,51,MT,1,1,1,1,b9b06ce8c319a3df2158ea3d0aef0f7d3eecaed7,909237ab0d84688e10c0470e2997348aff585273,01af53cd161a420fff1767129c10de560cc264dd,97caab1e1533dba217deb7ef41490f52e459ab01,460.7,505.8,448.2,351.3,DEBAECCDBEBCDACCABBDEBCDADBBAADBAECBECAACDBEA,DCEBACAECEBBAEABB*DADBBDEDECEBECEEEBCDABAECDE,DDBCA99999CBDBECDABADBBBEEEBCBDAAEACECDACBECCAEBEA,BBBCADBEADEDBCE*AECDA.BDBBDAEBECADCBDECEADBEC,0,EBEECADBCABECDDBEADCCABDEABEBCADBADDCCCEDBBCA,DCECBAAADCBBECAEDCEDDACCBDDACEDDBADBCADBCBCEE,CEDEACCBEBDBABECABDADEADCEDCBEBBCEBAAEBAAECBBCBDAB,DADCCECBDECADCBACDBCEEABDDAABDBCEADDBECEBAEBC,6,0,0,0,0,0,0,B,B,F,C,5,C,A,B,C,B,A,B,A,B,A,B,A,A,B,B,A,C,B,A,A,C,G,D,4,5,1,4,4,5,5,1,5,5,1,5,5,A,A,B,B,A,A,A,B,B
92,473fac1a473fc1acbb11e9602f39b135a3c9d9aa,2016,2913606,Ilhéus,29,BA,18,M,0,3,2,,,,,3,0,1,,0,,,,,,,,,0,0,0,0,0,0,0,0,0,0,0,0,0,0,0,0,0,0,0,0,0,0,0,0,0,0,0,0,0,0,0,0,0,0,0,0,0,0,0,0,0,0,0,0,0,0,0,0,0,0,0,0,1,SECRETARIA ESTADUAL - BA,29,BA,2913606,Ilhéus,29,BA,1,1,1,1,c8328ebc6f3238e06076c481bc1b82b8301e7a3f,f48d390ab6a2428e659c37fb8a9d00afde621889,5aebe5cad7fabc1545ac7fba07a4e6177f98483c,767a32545304ed293242d528f54d4edb1369f910,462.8,524.6,498.6,418.9,DADCDBAEBEDABDBEBBEABDBABCBCABDAEDDBDCAAADCDD,ACEDBDDDAEDEACDBACBDDEBCDDAADCDEACABACDBCCCEB,99999AEDDCCABCCBDEADBEADCCEEADDCBABDBBBAEDEBACCDDD,ACDAAEBCCCCDABBDCECDEBADABBDEEAAEEACDCBBBBDCA,1,DBDCCACADBADBCABDEBEECECDDBCADCCBEBBEDBEAEACA,EEBCBCEDDBDDACCCBCADADBAADEDDADCECAECBBBADCEC,EECDABBECCDAAECBBCBDABBAAEEBBDCBADEBABEADCECEBCABD,CCEEBCCEBAABDDECADCEECDBCBDBECBADDACEAABDBDAD,1,140,120,80,120,60,520,D,D,A,F,5,B,A,B,B,A,A,B,A,A,A,B,A,A,A,B,A,B,B,B,B,A,,,,,,,,3,3,4,5,5,5,5,,A,A,A,A,C,A,B,B,B
93,28d46528baddeda8c5c1951536a238d791cfa9f8,2016,2304954,Guaiúba,23,CE,18,M,0,3,1,2311603,Redenção,23,CE,2,0,2,1,0,23078901,2304954,Guaiúba,23,CE,2,1,1,0,0,0,0,0,0,0,0,0,0,0,0,0,0,0,0,0,0,0,0,0,0,0,0,0,0,0,0,0,0,0,0,0,0,0,0,0,0,0,0,0,0,0,0,0,0,0,0,0,0,0,0,0,,,,2309706,Pacatuba,23,CE,1,1,1,1,66b1dad288e13be0992bae01e81f71eca1c6e8a6,942ab3dc020af4cf53740b6b07e9dd7060b24164,01abbb7f1a90505385f44eec9905f82ca2a42cfd,81d0ee00ef42a7c23eb04496458c03d4c5b9c31a,431.1,431.7,467.8,413,CCABAEADBAACEAADDABCACBEDDABCCDABCCBAACBDABDA,BACDDDACAABCCABAADCDCBAEABDBBABADACBACBBCDCBA,99999CCBAACCABDCAEBABBCADBABADACACBDCACEBDDADBCDAB,CC.BD.CBAACCCCCCAAAABDEBDCBDDCBAECDBDBBCBA.CD,1,EADBDCCBADBEBCEBCABDEBEEBECADDBEACACDDBCADCCA,EDDBDDACDCEDDACBBBCBCDCECADBEEBAAADECAECCBCAD,EDECACCBBEDEBBBDABCBBCCEBADCEBAAEAAEDCBCABDBABEADE,CEECDBDADEBCCEBABECEACBDABDBDDABDDECADCCEACBA,9,0,0,0,0,0,0,H,H,F,F,6,B,A,B,B,A,A,B,A,A,A,A,A,A,B,B,A,B,A,A,A,A,,,,,,,,5,5,5,5,5,5,5,,A,A,A,A,B,A,A,A,A
94,6aea69cd043e47f99f5dc98264805ab85f0b6231,2016,5107602,Rondonópolis,51,MT,20,M,0,1,1,5107602,Rondonópolis,51,MT,1,2,1,,0,,,,,,,,,0,0,0,0,0,0,0,0,0,0,0,0,0,0,0,0,0,0,0,0,0,0,0,0,0,0,0,0,0,0,0,0,0,0,0,0,0,0,0,0,0,0,0,0,0,0,0,0,0,0,0,0,0,,,,5107602,Rondonópolis,51,MT,1,1,1,1,16f84b7b3d2aeaff7d2f01297e6b3d0e25c77bb2,9cd70f1b922e02bd33453b3f607f5a644fb9b1b8,72f80e4b3150c627c7ffc93cfe0fa13a9989b610,577f8968d95046f5eb5cc158608e12fa9ba34c85,413.1,541.7,564.2,421,DCDDBECEDBADACCDECDBDADBDDEDCCCCCBBBADEDCACDC,BBEBEADDDABDAEDBBABDCEAABBACAEDADAEDACDBAADAB,99999CEBCABAEEBEBCAABADACABDCACEDEDBDAADBDCCEEBBDA,BCBDDABEDBCABBDEAEDBCADECDEACDCCEDBBDCAADECAC,1,BCADBCEDCCBADBDCADBEBDBEADCCAEACDBEDBCACAEBEE,BCBCCADCCBEDDBEEADBDCECCBBECAEEDDADCDDACAADBA,DECEACCEBBDADEBABEAAEDCBCABDCEBADCEBAAECBBCBDABEBB,CBAACCEABDDCDBDDCEAECADBECEBACBDABDBEBCDADCEE,1,80,100,80,100,80,440,C,D,C,D,4,G,A,B,E,D,B,B,B,B,A,B,A,B,B,B,A,D,A,B,B,C,F,D,5,0,5,5,5,5,5,2,5,5,2,5,0,A,A,A,A,A,A,A,A,A
95,9d7bf0f9c4eef2cee9f111baefe4e9fe17a8bdbd,2016,3157807,Santa Luzia,31,MG,26,M,1,1,1,3106200,Belo Horizonte,31,MG,1,6,1,,0,,,,,,,,,0,0,0,0,0,1,0,0,0,0,0,0,0,0,0,0,0,0,1,0,0,0,0,0,0,0,0,0,0,0,0,0,0,0,0,0,0,0,0,0,0,0,0,0,0,0,0,0,0,0,0,0,0,,,,3157807,Santa Luzia,31,MG,1,1,1,1,16f84b7b3d2aeaff7d2f01297e6b3d0e25c77bb2,9cd70f1b922e02bd33453b3f607f5a644fb9b1b8,72f80e4b3150c627c7ffc93cfe0fa13a9989b610,577f8968d95046f5eb5cc158608e12fa9ba34c85,444.7,412.6,382.5,433.8,CEADBACBBCCBCCCBEBBAADEDBACABDCBCACBBCDBCABDB,ECEABACCEADCAEAACDBCBCEBBBEAEABCEABDDBCECBCBE,99999EEBACADABACCBCEBDBBDCDBABBCCBCBAEAEABCADCDBEA,DCABAEBBABBCDCBABCCDCACBAADDDBEBAADCBADACDBDA,1,BCADBCEDCCBADBDCADBEBDBEADCCAEACDBEDBCACAEBEE,BCBCCADCCBEDDBEEADBDCECCBBECAEEDDADCDDACAADBA,DECEACCEBBDADEBABEAAEDCBCABDCEBADCEBAAECBBCBDABEBB,CBAACCEABDDCDBDDCEAECADBECEBACBDABDBEBCDADCEE,1,80,40,60,60,20,260,D,B,F,B,2,B,A,B,C,A,A,B,B,B,A,B,A,A,B,B,B,C,A,B,B,B,F,A,4,5,5,5,2,5,5,5,5,4,4,5,,A,A,A,B,A,A,B,B,D
96,208e05b2a1bb30f66d509e5f53a8e126fecf8d6a,2016,2311801,Russas,23,CE,17,F,0,3,1,2304400,Fortaleza,23,CE,2,0,2,1,0,23132000,2311801,Russas,23,CE,2,1,1,0,0,0,0,0,0,0,0,0,0,0,0,0,0,0,0,0,0,0,0,0,0,0,0,0,0,0,0,0,0,0,0,0,0,0,0,0,0,0,0,0,0,0,0,0,0,0,0,0,0,0,0,0,,,,2311801,Russas,23,CE,1,1,1,1,66b1dad288e13be0992bae01e81f71eca1c6e8a6,942ab3dc020af4cf53740b6b07e9dd7060b24164,01af53cd161a420fff1767129c10de560cc264dd,97caab1e1533dba217deb7ef41490f52e459ab01,456.7,528.5,456.5,429,DEECDBBDDBBDDCEABCBCADEABCBECBEDCCDBDDAACDADB,BDCEBDACEAEADABEBDCEBBDEABDADBBBDABABABDCDDBA,99999BDAEABDABDBADAAAEDDBACDABCCBACDCADAABDBEABCBD,BCADBAECDBECBADBDACC*BDBACDEACBACDABCDEBACDBD,1,EADBDCCBADBEBCEBCABDEBEEBECADDBEACACDDBCADCCA,EDDBDDACDCEDDACBBBCBCDCECADBEEBAAADECAECCBCAD,CEDEACCBEBDBABECABDADEADCEDCBEBBCEBAAEBAAECBBCBDAB,DADCCECBDECADCBACDBCEEABDDAABDBCEADDBECEBAEBC,1,120,120,120,120,100,580,A,D,A,A,5,B,A,B,C,A,A,B,A,B,A,A,A,A,B,B,A,B,A,A,A,A,,,,,,,,5,5,5,5,5,5,5,,A,A,A,B,B,A,A,A,B
97,f02d83027c206dc62f6051b098fe57514a512648,2016,3550308,São Paulo,35,SP,18,M,0,1,1,3550308,São Paulo,35,SP,1,1,1,,0,,,,,,,,,0,0,0,0,0,0,0,0,0,0,0,0,0,0,0,0,0,0,0,0,0,0,0,0,0,0,0,0,0,0,0,0,0,0,0,0,0,0,0,0,0,0,0,0,0,0,0,0,0,0,0,0,0,,,,3550308,São Paulo,35,SP,1,1,1,1,66b1dad288e13be0992bae01e81f71eca1c6e8a6,942ab3dc020af4cf53740b6b07e9dd7060b24164,01af53cd161a420fff1767129c10de560cc264dd,97caab1e1533dba217deb7ef41490f52e459ab01,591.8,625.3,591.7,650,EABADADEADEACBEACDECEBEEBBBCDABAADBBEBDCADDCA,EDDACDACCBEBDACEBEEEDCCEADDBEEBDABDADADCEDBAD,BEDAA99999DBCBBDAADADBCDADEDDEBECDAAABBCEDDBBABDAB,BADACACEBECADABACDBABEAEDBCDACBBEACBBBBCCEBBB,0,EADBDCCBADBEBCEBCABDEBEEBECADDBEACACDDBCADCCA,EDDBDDACDCEDDACBBBCBCDCECADBEEBAAADECAECCBCAD,CEDEACCBEBDBABECABDADEADCEDCBEBBCEBAAEBAAECBBCBDAB,DADCCECBDECADCBACDBCEEABDDAABDBCEADDBECEBAEBC,1,160,160,160,160,120,760,G,F,E,E,4,O,C,D,D,D,B,B,B,B,A,B,A,B,D,B,B,E,B,C,B,A,,,,,,,,3,5,2,4,3,4,5,,C,A,A,A,A,E,A,A,A
98,1a2b323760650526e617eee8e9b74f5accc8677f,2016,3539806,Poá,35,SP,42,F,1,1,1,3539806,Poá,35,SP,1,10,1,,0,,,,,,,,,0,0,0,0,0,0,0,0,0,0,0,0,0,0,0,0,0,0,0,0,0,0,0,0,0,0,0,0,0,0,0,0,0,0,0,0,0,0,0,0,0,0,0,0,0,0,0,0,0,0,0,0,0,,,,3539806,Poá,35,SP,1,1,1,1,16f84b7b3d2aeaff7d2f01297e6b3d0e25c77bb2,9cd70f1b922e02bd33453b3f607f5a644fb9b1b8,72f80e4b3150c627c7ffc93cfe0fa13a9989b610,577f8968d95046f5eb5cc158608e12fa9ba34c85,510,543.2,575.7,496.7,DBCAABCAABACBEABADBDEAEACDBEDDCCBBEBDCAABEACE,AEECEBECECBCDEAEADBAEEDBDBAAABEADAAEDBBDAABAE,AECEA99999AADBBDBBAABAEBDACCEEDDBADDECCCBECBEEBEBB,ABACDDADDCCEDBECCBADCBEAEABDBDAAEEBCBEBDEECAE,0,BCADBCEDCCBADBDCADBEBDBEADCCAEACDBEDBCACAEBEE,BCBCCADCCBEDDBEEADBDCECCBBECAEEDDADCDDACAADBA,DECEACCEBBDADEBABEAAEDCBCABDCEBADCEBAAECBBCBDABEBB,CBAACCEABDDCDBDDCEAECADBECEBACBDABDBEBCDADCEE,1,160,120,120,140,20,560,C,C,C,F,4,G,A,C,C,B,A,B,A,B,A,A,A,A,B,B,B,E,A,B,A,B,E,A,4,1,3,3,3,4,0,5,5,5,0,5,,A,A,A,B,A,A,D,A,B
99,b385375f93bf3c8cd9c1c99d0f136b1d718aafaa,2016,4316907,Santa Maria,43,RS,20,M,0,1,1,4316907,Santa Maria,43,RS,4,0,1,,0,,,,,,,,,0,0,0,0,0,0,0,0,0,0,0,0,0,0,0,0,0,0,0,0,0,0,0,0,0,0,0,0,0,0,0,0,0,0,0,0,0,0,0,0,0,0,0,0,0,0,0,0,0,0,0,0,1,SECRETARIA ESTADUAL - RS,43,RS,4316907,Santa Maria,43,RS,1,1,1,1,66b1dad288e13be0992bae01e81f71eca1c6e8a6,942ab3dc020af4cf53740b6b07e9dd7060b24164,01abbb7f1a90505385f44eec9905f82ca2a42cfd,81d0ee00ef42a7c23eb04496458c03d4c5b9c31a,435.5,557.9,530.3,487.8,DEEBCBEBCABCDBBAADCDEDBEAABDEAAEEBDBDCADEEDBE,BDEBDCACEAEEDBABDBCDADBCCBDACEBCAADDDADCDADBD,99999BCCADAEEAACEECABCCEABEEADEAEBAAEECADDCBCBBAED,CADBDDCADABCDABBDBBDABDADEAECBDAEABBEADBCBCDA,1,EADBDCCBADBEBCEBCABDEBEEBECADDBEACACDDBCADCCA,EDDBDDACDCEDDACBBBCBCDCECADBEEBAAADECAECCBCAD,EDECACCBBEDEBBBDABCBBCCEBADCEBAAEAAEDCBCABDBABEADE,CEECDBDADEBCCEBABECEACBDABDBDDABDDECADCCEACBA,1,120,80,80,60,40,380,H,H,F,F,3,G,A,B,C,B,A,B,A,B,A,B,A,B,B,A,B,D,B,B,B,A,,,,,,,,5,5,2,4,0,0,3,,A,A,A,A,D,A,A,A,D
100,da368ccf70b742a39fdaed13826c429a393b9b67,2016,2305803,Ipu,23,CE,21,F,0,1,1,2313955,Varjota,23,CE,2,0,2,3,0,23231939,2305803,Ipu,23,CE,2,1,1,0,0,0,0,0,0,0,0,0,0,0,0,0,0,0,0,0,0,0,0,0,0,0,0,0,0,0,0,0,0,0,0,0,0,0,0,0,0,0,0,0,0,0,0,0,0,0,0,0,0,0,0,1,SECRETARIA ESTADUAL - CE,23,CE,2305803,Ipu,23,CE,0,0,0,0,2d22ac1d42e6187f09ee6c578df187a760123ccf,2d22ac1d42e6187f09ee6c578df187a760123ccf,2d22ac1d42e6187f09ee6c578df187a760123ccf,2d22ac1d42e6187f09ee6c578df187a760123ccf,,,,,,,,,1,,,,,,,,,,,,C,C,C,C,5,C,A,B,B,A,A,B,A,A,A,A,A,A,B,A,A,D,A,A,A,B,D,D,4,4,4,4,4,5,5,5,5,5,5,5,,A,A,B,C,B,A,C,B,A